代碼,名稱,產業,市場,題材(L2),tech,supply
1101,台泥,水泥工業,TWSE,"水泥, 水泥製品, 汽電共生, 電力, 預拌混凝土",,
1102,亞泥,水泥工業,TWSE,"水泥, 汽電共生, 電力, 預拌混凝土, 高爐水泥",,
1103,嘉泥,水泥工業,TWSE,"地產, 旅宿／餐飲, 水泥, 物業投資發展, 貨櫃場服務, 運輸事業, 飯店",,
1104,環泥,水泥工業,TWSE,"水泥, 水泥製品, 預拌混凝土",,
1108,幸福,水泥工業,TWSE,"水泥, 預拌混凝土, 高爐水泥",,
1109,信大,水泥工業,TWSE,"水泥, 預拌混凝土, 高爐水泥",,
1110,東泥,水泥工業,TWSE,"水泥, 高爐水泥",,
1201,味全,食品工業,TWSE,"乳製品, 非酒精飲料, 食品加工, 飲料相關",,
1203,味王,食品工業,TWSE,"罐頭業, 調味品, 調理食品, 資產股, 速食麵, 食品加工",,
1210,大成,食品工業,TWSE,"大宗物資, 肉品加工, 農林漁牧, 食品加工, 飼料",,
1213,大飲,食品工業,TWSE,"非酒精飲料, 飲料相關",,
1215,卜蜂,食品工業,TWSE,"肉品加工, 農林漁牧, 食品加工, 飼料",,
1216,統一,食品工業,TWSE,"乳製品, 穀類烘焙製品, 速食麵, 非酒精飲料, 食品加工, 飲料相關",,
1217,愛之味,食品工業,TWSE,"乳製品, 罐頭業, 非酒精飲料, 食品加工, 飲料相關",,
1218,泰山,食品工業,TWSE,"大宗物資, 油脂, 非酒精飲料, 飲料相關",,
1219,福壽,食品工業,TWSE,"大宗物資, 寵物食品, 油脂, 農林漁牧, 食品加工, 飼料",,
1220,台榮,食品工業,TWSE,"大宗物資, 流通業, 磨粉製品, 製糖, 農林漁牧, 食品加工, 食品飲料相關通路, 飼料",,
1225,福懋油,食品工業,TWSE,"大宗物資, 油脂, 農林漁牧, 飼料, 麵粉",,
1227,佳格,食品工業,TWSE,"乳製品, 保健食品, 大宗物資, 油脂, 穀類烘焙製品, 食品加工",,
1229,聯華,食品工業,TWSE,"大宗物資, 系統整合, 軟體業, 麵粉",,
1231,聯華食,食品工業,TWSE,"穀類烘焙製品, 調理食品, 食品加工, 餅乾製品",,
1232,大統益,食品工業,TWSE,"大宗物資, 油脂, 磨粉製品, 食品加工",,
1233,天仁,食品工業,TWSE,"旅宿／餐飲, 茶葉相關, 連鎖飲料, 食品加工, 餐飲",,
1234,黑松,食品工業,TWSE,"流通業, 資產股, 非酒精飲料, 食品飲料相關通路, 飲料相關",,
1235,興泰,食品工業,TWSE,"農林漁牧, 飼料",,
1236,宏亞,食品工業,TWSE,"可可製品, 食品加工, 餅乾製品",,
1240,茂生農經,農業科技業,TPEX,"家畜／家禽, 農林漁牧, 飼料",,
1256,鮮活果汁-KY,食品工業,TWSE,"非酒精飲料, 飲料相關",,
1259,安心,觀光餐旅,TPEX,"旅宿／餐飲, 餐飲",,
1264,德麥,食品工業,TPEX,"流通業, 磨粉製品, 穀類烘焙製品, 食品加工, 食品飲料相關通路",,
1268,漢來美食,觀光餐旅,TPEX,"旅宿／餐飲, 餐飲",,
1294,漢田生技,食品工業,TPEX,"生物科技, 食品生技",,
1295,生合,食品工業,TPEX,"生物科技, 食品生技",,
1301,台塑,塑膠工業,TWSE,"AN, EVA, PE, PP, PVC, 其他化工產品, 化學工業, 化纖原料, 合成樹脂, 塑化原料, 鹼業",,
1303,南亞,塑膠工業,TWSE,"DOP, EG, PA, 丁二醇, 化學工業, 化學纖維, 化纖原料, 印刷電路板, 印刷電路板相關, 合成樹脂, 塑化原料, 塑化製品, 塑膠加工, 塑膠皮布, 玻纖布, 聚酯棉, 聚酯粒, 聚酯絲, 銅箔, 銅箔基板",,
1304,台聚,塑膠工業,TWSE,"ABS, EVA, PE, PS, 塑化原料",,
1305,華夏,塑膠工業,TWSE,"PVC, 塑化原料, 塑化製品, 塑膠加工, 塑膠皮布",,
1307,三芳,塑膠工業,TWSE,"傳產其他, 塑化製品, 塑膠皮布, 鞋材",,
1308,亞聚,塑膠工業,TWSE,"EVA, PE, 塑化原料",,
1309,台達化,塑膠工業,TWSE,"ABS, PS, 塑化原料",,
1310,台苯,塑膠工業,TWSE,"SM, 塑化原料",,
1312,國喬,塑膠工業,TWSE,"ABS, SM, 塑化原料",,
1313,聯成,塑膠工業,TWSE,"DOP, PA, PVC, 塑化原料",,
1314,中石化,塑膠工業,TWSE,"AN, CPL, 化學纖維, 化纖原料, 尼龍粒, 資產股",,
1315,達新,塑膠工業,TWSE,"塑化製品, 塑膠加工, 建材, 成衣, 成衣製造, 複合板, 資產股",,
1316,上曜,建材營造業,TWSE,"PU樹脂, 保健食品, 化學工業, 地產, 營建, 食品加工",,
1319,東陽,汽車工業,TWSE,"汽機車零組件, 汽車保險桿, 汽車鈑金, 車用冷卻系統",,
1321,大洋,塑膠工業,TWSE,"PVC, 塑化原料, 塑化製品, 塑膠加工, 塑膠皮布, 資產股",,
1323,永裕,塑膠工業,TWSE,"塑化製品, 塑膠加工",,
1324,地球,塑膠工業,TWSE,"化學工業, 膠帶",,
1325,恆大,塑膠工業,TWSE,"不織布, 工業紡織品",,
1326,台化,塑膠工業,TWSE,"ABS, PP, PS, PTA, SM, 二甲基甲醯胺(DMF), 其他化工產品, 化學工業, 化學纖維, 化纖原料, 塑化原料, 尼龍加工絲, 尼龍粒, 尼龍絲, 粘膠, 芳香烴, 酚",,
1336,台翰,電子零組件業,TPEX,"塑膠射出, 電子零件元件",,
1337,再生-KY,塑膠工業,TWSE,"EVA, 塑化原料, 塑化製品, 塑膠加工",,
1338,廣華-KY,汽車工業,TWSE,汽車內裝,,
1339,昭輝,汽車工業,TWSE,"塑化製品, 塑膠加工, 汽機車零組件, 汽車保險桿",,
1340,勝悅-KY,塑膠工業,TWSE,"傳產其他, 旅宿／餐飲, 鞋材, 飯店",,
1341,富林-KY,塑膠工業,TWSE,"塑化製品, 塑膠皮布",,
1342,八貫,其他業,TWSE,"塑化製品, 塑膠皮布",,
1402,遠東新,紡織纖維,TWSE,"PTA, 化學纖維, 化纖原料, 家居用品, 寢具, 成衣, 成衣製造, 成衣銷售／零售, 控股公司, 棉紡業, 紡紗, 織布業, 聚酯加工絲, 聚酯棉, 聚酯粒, 聚酯絲, 資產股",,
1409,新纖,紡織纖維,TWSE,"化學纖維, 塑化製品, 塑膠加工, 聚酯粒, 聚酯絲, 資產股",,
1410,南染,紡織纖維,TWSE,"IC封裝測試, 地產, 物業投資發展",,
1413,宏洲,紡織纖維,TWSE,"化學纖維, 聚酯粒, 聚酯絲",,
1414,東和,紡織纖維,TWSE,"地產, 混紡紗, 物業投資發展, 紡紗, 資產股",,
1416,廣豐,其他業,TWSE,"應用軟體, 資產股, 軟體業",,
1417,嘉裕,紡織纖維,TWSE,"成衣, 成衣製造, 成衣銷售／零售",,
1418,東華,紡織纖維,TWSE,"亞克力棉, 化學纖維",,
1419,新紡,紡織纖維,TWSE,"地產, 成衣, 成衣銷售／零售, 物業投資發展, 織布業, 資產股",,
1423,利華,紡織纖維,TWSE,"毛紡, 紡紗, 資產股",,
1432,大魯閣,運動休閒,TWSE,"休閒娛樂, 大型遊樂場, 流通業, 百貨業",,
1434,福懋,紡織纖維,TWSE,"其他公用事業, 加油站, 尼龍塔夫塔布, 尼龍製品, 工業紡織品",,
1435,中福,其他業,TWSE,"地產, 物業投資發展, 資產股",,
1436,華友聯,建材營造業,TWSE,"地產, 營建",,
1437,勤益控,其他業,TWSE,"地產, 控股公司, 毛紡, 物業投資發展, 紡紗, 資產股",,
1438,三地開發,建材營造業,TWSE,"地產, 營建",,
1439,雋揚,建材營造業,TWSE,"地產, 營建, 物業投資發展, 資產股",,
1440,南紡,紡織纖維,TWSE,"化學纖維, 化纖原料, 棉紡業, 紡紗, 聚酯棉, 聚酯粒, 聚酯絲, 資產股",,
1441,大東,紡織纖維,TWSE,"棉紡業, 紡紗, 織布業, 資產股",,
1442,名軒,建材營造業,TWSE,"地產, 營建",,
1443,立益物流,其他業,TWSE,"倉儲服務, 流通業, 物流業, 貿易, 運輸事業",,
1444,力麗,紡織纖維,TWSE,"化學纖維, 聚酯加工絲, 聚酯粒",,
1445,大宇,紡織纖維,TWSE,"化學纖維, 織布業, 聚酯加工絲",,
1446,宏和,紡織纖維,TWSE,"地產, 營建, 織布業, 資產股",,
1447,力鵬,紡織纖維,TWSE,"化學纖維, 尼龍粒, 織布業",,
1449,佳和,紡織纖維,TWSE,"地產, 營建, 織布業",,
1451,年興,紡織纖維,TWSE,"成衣, 成衣製造, 織布業",,
1452,宏益,紡織纖維,TWSE,"化學纖維, 聚酯加工絲",,
1453,大將,建材營造業,TWSE,"地產, 營建",,
1454,台富,紡織纖維,TWSE,"化學纖維, 織布業, 聚酯加工絲",,
1455,集盛,紡織纖維,TWSE,"化學纖維, 尼龍加工絲, 尼龍粒, 尼龍絲",,
1456,怡華,建材營造業,TWSE,"地產, 營建",,
1457,宜進,紡織纖維,TWSE,"化學纖維, 織布業, 聚酯加工絲, 聚酯絲, 資產股",,
1459,聯發,紡織纖維,TWSE,"化學纖維, 聚酯加工絲",,
1460,宏遠,紡織纖維,TWSE,織布業,,
1463,強盛新,紡織纖維,TWSE,"地產, 染整, 營建, 織布業",,
1464,得力,紡織纖維,TWSE,織布業,,
1465,偉全,紡織纖維,TWSE,織布業,,
1466,聚隆,紡織纖維,TWSE,"加工絲, 化學纖維, 尼龍加工絲, 尼龍絲, 聚酯加工絲",,
1467,南緯,紡織纖維,TWSE,"成衣, 成衣製造, 織布業, 資產股",,
1468,昶和,紡織纖維,TWSE,"棉紡業, 紡紗, 織布業",,
1470,大統新創,紡織纖維,TWSE,"染整, 織布業",,
1471,首利,電子零組件業,TWSE,"機殼, 電子零件元件, 電源供應器",,
1472,三洋實業,建材營造業,TWSE,"基礎建設, 營造工程",,
1473,台南,紡織纖維,TWSE,"成衣, 成衣製造",,
1474,弘裕,紡織纖維,TWSE,"工業紡織品, 織布業",,
1475,業旺,紡織纖維,TWSE,"化學工業, 染料，顏料",,
1476,儒鴻,紡織纖維,TWSE,"成衣, 成衣製造, 織布業",,
1477,聚陽,紡織纖維,TWSE,"成衣, 成衣製造",,
1503,士電,電機機械,TWSE,"充電樁, 引擎相關, 智慧電網相關, 汽機車零組件, 設備儀器商, 變電設備, 資產股, 車用充電相關, 配電盤, 重電設備, 電力設備, 電機, 電氣開關設備, 電氣零件與設備",,
1504,東元,電機機械,TWSE,"冷氣機, 家電, 小家電, 洗衣機, 液晶電視, 產業機械, 自動化設備, 變頻器, 資產股, 配電工程, 重電設備, 電冰箱, 電力設備, 電機",,
1506,正道,電機機械,TWSE,"傢俱, 家居用品, 引擎相關, 懸吊系統, 木床／車架, 汽機車零組件, 活塞, 車用金屬成型, 車用鍛件, 轉向系統",,
1512,瑞利,汽車工業,TWSE,"汽機車零組件, 汽車鈑金, 運動產業, 運動用品",,
1513,中興電,電機機械,TWSE,"停車場, 其他公用事業, 智慧電網相關, 產業機械, 空調製冷, 輸配電設備, 配電工程, 重電設備, 電力設備, 電機, 電氣開關設備",,
1514,亞力,電機機械,TWSE,"變電設備, 配電工程, 配電盤, 電力設備, 電機, 電氣零件與設備",,
1515,力山,電機機械,TWSE,"健身器材, 手工具, 木工機械, 產業機械, 運動產業",,
1516,川飛,其他業,TWSE,"車用鋰電池, 電子元件代理商, 電子通路, 電池",,
1517,利奇,電機機械,TWSE,"產業機械, 自行車零件",,
1519,華城,電機機械,TWSE,"變電設備, 配電盤, 電力設備",,
1521,大億,汽車工業,TWSE,"汽機車零組件, 車燈",,
1522,堤維西,汽車工業,TWSE,"汽機車零組件, 車燈",,
1524,耿鼎,汽車工業,TWSE,"汽機車零組件, 汽車鈑金",,
1525,江申,汽車工業,TWSE,"懸吊系統, 木床／車架, 模具, 機械零組件, 汽機車零組件, 汽車鈑金",,
1526,日馳,電機機械,TWSE,"產業機械, 自行車零件",,
1527,鑽全,電機機械,TWSE,"產業機械, 自行車零件, 電動工具",,
1528,恩德,電機機械,TWSE,"印刷電路板相關, 家居相關用品通路, 木工機械, 流通業, 產業機械, 雷射鑽孔機、鑽頭",,
1529,樂事綠能,電機機械,TWSE,"配電工程, 配電盤, 電力公共事業, 電力設備",,
1530,亞崴,電機機械,TWSE,"工具機, 龍門機",,
1531,高林股,電機機械,TWSE,"工業用縫紉機, 產業機械",,
1532,勤美,電機機械,TWSE,"傳動系統, 剎車系統, 地產, 引擎相關, 機械零組件, 汽機車零組件, 營建, 資產股, 車用金屬成型, 車用鑄件",,
1533,車王電,汽車工業,TWSE,"倒車影像系統, 客貨車輛相關, 手工具, 產業機械, 胎壓監測系統, 行車紀錄器, 車用電子, 車輛整車",,
1535,中宇,電機機械,TWSE,"其他營造工程, 工程顧問, 水資源, 污水處理, 營造工程, 環保工程, 配電工程, 電力設備",,
1536,和大,汽車工業,TWSE,"傳動系統, 機車零組件, 汽機車零組件",,
1537,廣隆,電機機械,TWSE,"工業用電池, 鉛酸蓄電池, 電池",,
1538,正峰,電機機械,TWSE,"汽機車零組件, 產業機械, 車燈, 電動工具",,
1539,巨庭,電機機械,TWSE,"木工機械, 產業機械",,
1540,喬福,電機機械,TWSE,"工具機, 車床, 龍門機",,
1541,錩泰,電機機械,TWSE,"木工機械, 產業機械",,
1558,伸興,電機機械,TWSE,"傳產其他, 家用縫紉機, 產業機械, 金屬加工／製品",,
1560,中砂,電機機械,TWSE,"IC製造, 產業機械, 矽晶圓, 磨料磨具",,
1563,巧新,汽車工業,TWSE,"汽機車零組件, 輪圈",,
1565,精華,生技醫療業,TPEX,"輔助與彌補用醫材, 隱形眼鏡",,
1568,倉佑,汽車工業,TWSE,"傳動系統, 汽機車零組件",,
1569,濱川,電腦及週邊設備業,TPEX,"模具沖壓, 機殼, 電子零件元件",,
1570,力肯,電機機械,TPEX,"產業機械, 電動工具",,
1580,新麥,電機機械,TPEX,"烘焙及食品飲料機械, 產業機械",,
1582,信錦,電子零組件業,TWSE,"樞紐, 電子零件元件",,
1583,程泰,電機機械,TWSE,"工具機, 工具機主軸, 磨床, 車床",,
1584,精剛,其他業,TPEX,合金鋼,,
1586,和勤,電機機械,TPEX,"模具沖壓, 汽機車零組件, 車用沖壓件, 車用金屬成型, 電子零件元件",,
1587,吉茂,汽車工業,TWSE,"汽機車零組件, 車用冷卻系統",,
1589,永冠-KY,電機機械,TWSE,機械零組件,,
1590,亞德客-KY,電機機械,TWSE,"機械零組件, 氣動元件",,
1591,駿吉-KY,電機機械,TPEX,"線材盤元, 螺絲螺帽",,
1593,祺驊,運動休閒,TPEX,"休閒娛樂, 健身器材, 工業馬達, 產業機械, 連鎖健身房, 運動產業",,
1595,川寶,電子零組件業,TPEX,"PCB相關設備, 半導體製程設備, 設備儀器商",,
1597,直得,電機機械,TWSE,"機械零組件, 滑軌",,
1598,岱宇,運動休閒,TWSE,"健身器材, 運動產業",,
1599,宏佳騰,電機機械,TPEX,"機車, 沙灘車, 車輛整車, 電動機車",,
1603,華電,電器電纜,TWSE,"建材, 金屬建材, 電力電纜, 電線電纜",,
1604,聲寶,電器電纜,TWSE,"冷氣機, 家電, 小家電, 液晶電視, 物流業, 資產股, 運輸事業, 電冰箱, 顯示器",,
1605,華新,電器電纜,TWSE,"不鏽鋼, 電力電纜, 電線電纜",,
1608,華榮,電器電纜,TWSE,"裸銅線, 銅, 電力電纜, 電線電纜, 非鐵金屬",,
1609,大亞,電器電纜,TWSE,"漆包線, 裸銅線, 電力電纜, 電線電纜",,
1611,中電,電器電纜,TWSE,"LED, LED照明產品, 家電, 照明",,
1612,宏泰,電器電纜,TWSE,"電力電纜, 電線電纜",,
1614,三洋電,電器電纜,TWSE,"冷氣機, 家電, 小家電, 洗衣機, 液晶電視, 資產股, 電冰箱",,
1615,大山,電器電纜,TWSE,"電力電纜, 電線電纜",,
1616,億泰,電器電纜,TWSE,"電力電纜, 電線電纜",,
1617,榮星,電器電纜,TWSE,"漆包線, 電線電纜",,
1618,合機,電器電纜,TWSE,"電力電纜, 電線電纜",,
1623,大東電,電器電纜,TWSE,"電力電纜, 電線電纜",,
1626,艾美特-KY,電器電纜,TWSE,"家電, 小家電",,
1702,南僑,食品工業,TWSE,"冷凍麵團, 大宗物資, 控股公司, 油脂, 資產股, 食品加工, 麵製品相關",,
1707,葡萄王,生技醫療業,TWSE,"保健食品, 生物科技, 食品加工, 食品生技",,
1708,東鹼,化學工業,TWSE,"化學工業, 化學產品通路, 散裝航運, 肥料, 運輸事業, 鹼業",,
1709,和益,化學工業,TWSE,"化學工業, 合成樹脂, 烷基苯, 酚",,
1710,東聯,化學工業,TWSE,"EG, 其他化工產品, 化學工業, 化纖原料",,
1711,永光,化學工業,TWSE,"光阻劑, 其他化工產品, 化學工業, 半導體化學品, 染料，顏料",,
1712,興農,化學工業,TWSE,"化學工業, 流通業, 農藥, 連鎖超市",,
1713,國化,化學工業,TWSE,"保險粉, 其他化工產品, 化學工業",,
1714,和桐,化學工業,TWSE,"其他化工產品, 化學工業, 正烷屬烴, 烷基苯",,
1717,長興,化學工業,TWSE,"化學工業, 半導體化學品, 合成樹脂",,
1718,中纖,化學工業,TWSE,"EG, 其他化工產品, 化學工業, 化學纖維, 化纖原料, 聚酯加工絲, 聚酯絲",,
1720,生達,生技醫療業,TWSE,"學名藥, 生物科技, 西藥製劑, 醫藥產業, 食品生技",,
1721,三晃,化學工業,TWSE,"PU樹脂, 其他化工產品, 化學工業",,
1722,台肥,化學工業,TWSE,"其他化工產品, 化學工業, 地產, 營建, 肥料, 資產股",,
1723,中碳,化學工業,TWSE,"化學工業, 煤化工",,
1725,元禎,化學工業,TWSE,"化學工業, 化學產品通路, 油品儲運／分銷, 石油及天然氣",,
1726,永記,化學工業,TWSE,"化學工業, 塗料",,
1727,中華化,化學工業,TWSE,"其他化工產品, 化學工業, 半導體化學品, 強酸產品, 染料，顏料",,
1730,花仙子,化學工業,TWSE,"化學工業, 衛生清潔用品",,
1731,美吾華,生技醫療業,TWSE,"化學工業, 衛生清潔用品, 醫藥流通",,
1732,毛寶,化學工業,TWSE,"化學工業, 衛生清潔用品",,
1733,五鼎,生技醫療業,TWSE,"檢驗試劑／紙, 血糖儀, 體外診斷用醫材",,
1734,杏輝,生技醫療業,TWSE,"學名藥, 生物科技, 西藥製劑, 醫藥產業, 食品生技",,
1735,日勝化,化學工業,TWSE,"PU樹脂, 其他化工產品, 化學工業",,
1736,喬山,運動休閒,TWSE,"健身器材, 運動產業",,
1737,臺鹽,食品工業,TWSE,"大宗物資, 時尚產業, 生物科技, 美妝保養品, 製鹽業, 非酒精飲料, 食品生技, 飲料相關",,
1742,台蠟,化學工業,TPEX,"化學工業, 太陽能發電, 水產品加工, 石蠟, 電力, 食品加工",,
1752,南光,生技醫療業,TWSE,"學名藥, 西藥製劑, 醫藥產業",,
1760,寶齡富錦,生技醫療業,TWSE,"學名藥, 專利藥, 新藥研發, 時尚產業, 檢驗試劑／紙, 生物科技, 美妝保養品, 西藥製劑, 醫藥產業, 食品生技, 體外診斷用醫材",,
1762,中化生,生技醫療業,TWSE,"原料藥, 醫藥產業",,
1773,勝一,化學工業,TWSE,"其他化工產品, 化學工業, 化學產品通路, 溶劑",,
1776,展宇,化學工業,TWSE,"PU樹脂, 其他化工產品, 化學工業",,
1777,生泰,生技醫療業,TPEX,"原料藥, 醫藥產業",,
1781,合世,生技醫療業,TPEX,"血壓計, 診斷與監測用醫材",,
1783,和康生,生技醫療業,TWSE,"時尚產業, 美妝保養品, 輔助與彌補用醫材, 醫用植入材料",,
1784,訊聯,生技醫療業,TPEX,"時尚產業, 生技服務, 生物科技, 美妝保養品",,
1785,光洋科,其他電子業,TPEX,"IC製造, 傳產其他, 其他半導體耗材, 回收焚化／掩埋清運, 貴金屬",,
1786,科妍,生技醫療業,TWSE,"輔助與彌補用醫材, 醫用植入材料",,
1788,杏昌,生技醫療業,TPEX,"手術與治療用醫材, 洗腎器具, 醫療器材通路, 醫藥流通",,
1789,神隆,生技醫療業,TWSE,"原料藥, 西藥製劑, 醫藥產業",,
1795,美時,生技醫療業,TWSE,"學名藥, 西藥製劑, 醫藥產業",,
1796,金穎生技,食品工業,TPEX,"生物科技, 食品生技",,
1799,易威,生技醫療業,TPEX,"原料藥, 學名藥, 新藥研發, 西藥製劑, 醫藥產業, 醫藥研發外包服務",,
1802,台玻,玻璃陶瓷,TWSE,"傳產其他, 印刷電路板相關, 建材, 玻璃, 玻纖布, 複合材料",,
1805,寶徠,建材營造業,TWSE,"地產, 營建",,
1806,冠軍,玻璃陶瓷,TWSE,"建材, 瓷磚",,
1808,潤隆,建材營造業,TWSE,"地產, 營建",,
1809,中釉,玻璃陶瓷,TWSE,"建材, 釉料",,
1810,和成,玻璃陶瓷,TWSE,"家居用品, 水龍頭, 衛浴設備",,
1813,寶利徠,生技醫療業,TPEX,"傳產其他, 眼鏡業",,
1815,富喬,電子零組件業,TPEX,"印刷電路板相關, 玻纖布",,
1817,凱撒衛,玻璃陶瓷,TWSE,"家居用品, 水龍頭, 衛浴設備",,
1903,士紙,造紙工業,TWSE,"地產, 家庭用紙, 旅宿／餐飲, 物業投資發展, 資產股, 造紙業, 飯店",,
1904,正隆,造紙工業,TWSE,"家庭用紙, 工業用紙, 文化用紙, 造紙業",,
1905,華紙,造紙工業,TWSE,"文化用紙, 特殊用紙, 紙漿, 造紙業",,
1906,寶隆,造紙工業,TWSE,"工業用紙, 造紙業",,
1907,永豐餘,造紙工業,TWSE,"化學工業, 家庭用紙, 工業用紙, 控股公司, 文化用紙, 紙漿, 衛生清潔用品, 造紙業",,
1909,榮成,造紙工業,TWSE,"工業用紙, 造紙業",,
2002,中鋼,鋼鐵工業,TWSE,"冷軋鋼捲, 塗鍍鋼捲, 板鋼, 條鋼, 棒鋼, 熱軋鋼捲, 線材盤元, 鋼板, 鋼胚, 鍍鋅鋼捲",,
2006,東和鋼鐵,鋼鐵工業,TWSE,"型鋼, 條鋼, 鋼構, 鋼筋",,
2007,燁興,鋼鐵工業,TWSE,"不鏽鋼, 不鏽鋼線材, 線材盤元",,
2008,高興昌,鋼鐵工業,TWSE,"條鋼, 鋼管",,
2009,第一銅,鋼鐵工業,TWSE,"銅, 非鐵金屬",,
2010,春源,鋼鐵工業,TWSE,"板鋼, 條鋼, 鋼剪裁加工, 鋼構",,
2012,春雨,鋼鐵工業,TWSE,"線材盤元, 螺絲螺帽",,
2013,中鋼構,鋼鐵工業,TWSE,"條鋼, 鋼構",,
2014,中鴻,鋼鐵工業,TWSE,"冷軋鋼捲, 板鋼, 熱軋鋼捲",,
2015,豐興,鋼鐵工業,TWSE,"型鋼, 條鋼, 棒鋼, 鋼筋",,
2017,官田鋼,鋼鐵工業,TWSE,"旅宿／餐飲, 線材盤元, 螺絲螺帽, 飯店",,
2020,美亞,鋼鐵工業,TWSE,"不鏽鋼, 不鏽鋼剪裁加工, 板鋼, 條鋼, 鋼剪裁加工, 鋼管",,
2022,聚亨,鋼鐵工業,TWSE,"線材盤元, 螺絲螺帽",,
2023,燁輝,鋼鐵工業,TWSE,"板鋼, 烤漆鋼捲, 鍍鋅鋼捲",,
2024,志聯,鋼鐵工業,TWSE,"條鋼, 棒鋼, 線材盤元",,
2025,千興,鋼鐵工業,TWSE,"不鏽鋼, 冷軋不鏽鋼",,
2027,大成鋼,鋼鐵工業,TWSE,"不鏽鋼, 不鏽鋼品, 不鏽鋼管, 線材盤元, 螺絲螺帽, 鋁, 非鐵金屬",,
2028,威致,鋼鐵工業,TWSE,"條鋼, 鋼筋",,
2029,盛餘,鋼鐵工業,TWSE,"板鋼, 烤漆鋼捲, 鍍鋅鋼捲",,
2030,彰源,鋼鐵工業,TWSE,"不鏽鋼, 不鏽鋼剪裁加工, 不鏽鋼管",,
2031,新光鋼,鋼鐵工業,TWSE,"板鋼, 鋼剪裁加工",,
2032,新鋼,鋼鐵工業,TWSE,"不鏽鋼, 不鏽鋼剪裁加工",,
2033,佳大,鋼鐵工業,TWSE,線材盤元,,
2034,允強,鋼鐵工業,TWSE,"不鏽鋼, 不鏽鋼剪裁加工, 不鏽鋼管",,
2035,唐榮,鋼鐵工業,TPEX,"不鏽鋼, 冷軋不鏽鋼, 熱軋不鏽鋼, 資產股",,
2038,海光,鋼鐵工業,TWSE,"條鋼, 鋼筋",,
2049,上銀,電機機械,TWSE,"機械零組件, 滑軌",,
2059,川湖,電子零組件業,TWSE,"其他電子零件, 電子零件元件",,
2061,風青,電器電纜,TPEX,"漆包線, 電線電纜",,
2062,橋椿,居家生活,TWSE,"家居用品, 水龍頭",,
2063,世鎧,鋼鐵工業,TPEX,"不鏽鋼, 不鏽鋼緊固件, 不鏽鋼線材, 線材盤元, 螺絲螺帽",,
2064,晉椿,鋼鐵工業,TPEX,"條鋼, 棒鋼, 線材盤元",,
2065,世豐,鋼鐵工業,TPEX,"線材盤元, 螺絲螺帽",,
2066,世德,電機機械,TPEX,"線材盤元, 螺絲螺帽",,
2067,嘉鋼,電機機械,TPEX,機械零組件,,
2069,運錩,鋼鐵工業,TWSE,"不鏽鋼, 不鏽鋼剪裁加工",,
2070,精湛,電機機械,TPEX,設備儀器商,,
2072,世紀風電,綠能環保,TWSE,"條鋼, 鋼構",,
2073,雄順,鋼鐵工業,TPEX,線材盤元,,
2101,南港,橡膠工業,TWSE,"地產, 橡膠工業, 營建, 資產股, 輪胎",,
2102,泰豐,橡膠工業,TWSE,"橡膠工業, 資產股, 輪胎",,
2103,台橡,橡膠工業,TWSE,"合成橡膠, 橡膠工業, 熱可塑橡膠",,
2104,國際中橡,橡膠工業,TWSE,"橡膠工業, 碳煙",,
2105,正新,橡膠工業,TWSE,"橡膠工業, 橡膠製品, 輪胎",,
2106,建大,橡膠工業,TWSE,"橡膠工業, 橡膠製品, 輪胎",,
2107,厚生,橡膠工業,TWSE,"倉儲服務, 地產, 塑化製品, 塑膠皮布, 橡膠工業, 橡膠製品, 營建, 資產股, 運輸事業",,
2108,南帝,橡膠工業,TWSE,"乳膠相關, 橡膠工業",,
2109,華豐,橡膠工業,TWSE,"橡膠工業, 橡膠製品, 輪胎",,
2114,鑫永銓,橡膠工業,TWSE,"橡膠工業, 橡膠製品",,
2115,六暉-KY,汽車工業,TWSE,"汽機車零組件, 輪圈",,
2201,裕隆,汽車工業,TWSE,"汽機車零組件, 汽車服務相關, 汽車製造, 汽車銷售, 資產股, 車輛整車",,
2204,中華,汽車工業,TWSE,"客貨車輛相關, 機車零組件, 汽機車零組件, 汽車服務相關, 汽車製造, 汽車銷售, 車輛整車, 電動機車",,
2206,三陽工業,汽車工業,TWSE,"機車, 汽車服務相關, 汽車製造, 汽車銷售, 資產股, 車輛整車, 電動機車",,
2207,和泰車,汽車工業,TWSE,"汽車服務相關, 汽車銷售",,
2208,台船,航運業,TWSE,造船業,,
2211,長榮鋼,鋼鐵工業,TWSE,"傳產其他, 回收焚化／掩埋清運, 條鋼, 鋼構",,
2221,大甲,其他業,TPEX,"不鏽鋼, 不鏽鋼品",,
2227,裕日車,汽車工業,TWSE,"汽機車零組件, 汽車服務相關, 汽車銷售",,
2228,劍麟,汽車工業,TWSE,"傳產其他, 安全氣囊, 汽機車零組件, 汽車內裝",,
2230,泰茂,電機機械,TPEX,"汽機車零組件, 活塞, 流通業, 食品飲料相關通路",,
2231,為升,汽車工業,TWSE,"倒車雷達, 胎壓監測系統, 車用電子",,
2233,宇隆,汽車工業,TWSE,"傳產其他, 機械零組件, 汽機車零組件, 減速機, 產業機械, 自行車零件, 金屬加工／製品",,
2235,謚源,電機機械,TPEX,"汽機車零組件, 汽車內裝, 汽車空調, 車用冷卻系統",,
2236,百達-KY,汽車工業,TWSE,汽機車零組件,,
2239,英利-KY,汽車工業,TWSE,"汽機車零組件, 車用沖壓件, 車用金屬成型",,
2241,艾姆勒,汽車工業,TWSE,汽機車零組件,,
2243,宏旭-KY,汽車工業,TWSE,汽機車零組件,,
2247,汎德永業,汽車工業,TWSE,"汽車服務相關, 汽車銷售",,
2248,華勝-KY,汽車工業,TWSE,汽車內裝,,
2250,IKKA-KY,汽車工業,TWSE,"家電, 家電零組件, 汽機車零組件",,
2254,巨鎧精密-創,汽車工業,TWSE,"汽機車零組件, 車燈",,
2258,鴻華先進-創,汽車工業,TWSE,"汽車製造, 車輛整車, 電動車",,
2301,光寶科,電腦及週邊設備業,TWSE,"LED, LED封裝, LED照明產品, PV INVERTER, 事務機器, 光碟機／燒錄機, 光纖被動元件, 光通訊, 太陽能, 機殼, 無線充電, 無線網路設備系統(WLAN), 網通設備, 車用鋰電池, 車用電子, 週邊產品, 鍵盤, 電子其他, 電子零件元件, 電池, 電源供應器, 電腦系統業",,
2302,麗正,半導體業,TWSE,"二極體, 分離式元件, 電晶體",,
2303,聯電,半導體業,TWSE,"IC製造, 晶圓代工",,
2305,全友,電腦及週邊設備業,TWSE,"掃瞄器, 設備儀器商, 診斷與監測用醫材, 週邊產品, 醫學影像裝置, 量測儀器",,
2308,台達電,電子零組件業,TWSE,"INTERNET技術與基礎設施, LED, LED照明產品, PV INVERTER, UPS, 充電樁, 其他電子零件, 太陽能, 投影機, 散熱模組, 散熱風扇馬達, 晶片電阻, 機器人, 無線充電, 系統整合, 網通設備, 被動元件, 變壓器, 車用充電相關, 車用鋰電池, 車用電子, 軟體業, 雲端科技, 電力設備, 電子零件元件, 電感, 電池, 電源供應器, 顯示器",,
2312,金寶,其他電子業,TWSE,"POS機系統, 印表機, 家電, 工業電腦, 手機, 手機製造, 桌上型電腦, 消費性電子產品, 硬碟相關, 穿戴式裝置, 筆記型電腦製造, 網通設備, 視訊轉換相關, 車用電子, 週邊產品, 電子製造服務, 電腦系統業",,
2313,華通,電子零組件業,TWSE,"印刷電路板, 印刷電路板相關, 軟板",,
2314,台揚,通信網路業,TWSE,"低雜訊降頻器, 小型衛星地面站, 網通設備, 衛星通訊設備",,
2316,楠梓電,電子零組件業,TWSE,"印刷電路板, 印刷電路板相關, 電子製造服務, 電腦系統業",,
2317,鴻海,其他電子業,TWSE,"AI伺服器, ASIC伺服器, INTERNET技術與基礎設施, 伺服器, 印表機, 家電, 平板電腦, 手機, 手機製造, 桌上型電腦, 機器人, 消費性電子產品, 液晶電視, 穿戴式裝置, 筆記型電腦製造, 網通設備, 衛星通訊設備, 視訊轉換相關, 語音助理, 車用電子, 車輛整車, 連接器, 週邊產品, 遊戲機, 遊戲產業, 雲端科技, 電動車, 電子書閱讀器, 電子製造服務, 電子零件元件, 電腦系統業, 顯示器",,
2321,東訊,通信網路業,TWSE,"智慧電網相關, 消費性電子產品, 網通設備, 電力設備, 電話／傳真機",,
2323,中環,光電業,TWSE,"IC製造, 光碟片, 週邊產品, 非揮發性記憶體",,
2324,仁寶,電腦及週邊設備業,TWSE,"AI伺服器, 伺服器, 家電, 平板電腦, 手機, 手機製造, 智慧型手機, 消費性電子產品, 液晶電視, 穿戴式裝置, 筆記型電腦製造, 網通設備, 車用電子, 電子製造服務, 電腦系統業, 顯示器",,
2327,國巨*,電子零組件業,TWSE,"MLCC, 晶片電阻, 被動元件, 鉭質電解電容, 電容, 電感",,
2328,廣宇,電子零組件業,TWSE,"連接器, 連接線材, 電子製造服務, 電子零件元件, 電腦系統業",,
2329,華泰,半導體業,TWSE,"IC封裝, IC封裝測試, IC測試, 電子製造服務, 電腦系統業",,
2330,台積電,半導體業,TWSE,"IC製造, 晶圓代工",,
2331,精英,電腦及週邊設備業,TWSE,"主機板, 平板電腦, 桌上型電腦, 消費性電子產品, 筆記型電腦製造, 繪圖卡, 電腦系統業",,
2332,友訊,通信網路業,TWSE,"安全監控, 工業電腦, 無線網路設備系統(WLAN), 網路交換器, 網通設備, 資安設備",,
2337,旺宏,半導體業,TWSE,"IC製造, 非揮發性記憶體",,
2338,光罩,半導體業,TWSE,"IC製造, 光罩",,
2340,台亞,半導體業,TWSE,"LED, LED晶粒, LED照明產品, 二極體, 分離式元件, 電晶體",,
2342,茂矽,半導體業,TWSE,"IC製造, 晶圓代工",,
2344,華邦電,半導體業,TWSE,"DRAM, IC製造, 非揮發性記憶體",,
2345,智邦,通信網路業,TWSE,"網路交換器, 網通設備",,
2347,聯強,電子通路業,TWSE,"IC零組件通路商, 手機零售通路商, 電子元件代理商, 電子通路, 電腦通路商",,
2348,海悅,其他業,TWSE,"地產, 房屋代銷, 營建",,
2349,錸德,光電業,TWSE,"儲存設備, 光碟片, 硬碟相關, 記憶卡, 週邊產品",,
2351,順德,半導體業,TWSE,"傳產其他, 封測服務與材料, 導線架, 文具",,
2352,佳世達,電腦及週邊設備業,TWSE,"LCD顯示器, 其他醫療器材, 安全監控, 工業電腦, 掃瞄器, 網通設備, 診斷與監測用醫材, 週邊產品, 醫學影像裝置, 醫療服務, 醫療管理服務, 醫療耗材, 電子製造服務, 電腦系統業, 顯示器",,
2353,宏��,電腦及週邊設備業,TWSE,"AI伺服器, 伺服器, 平板電腦, 投影機, 教育筆電, 桌上型電腦, 消費性電子產品, 筆記型電腦, 週邊產品, 電競筆電, 電競週邊, 電腦系統業, 顯示器",,
2354,鴻準,其他電子業,TWSE,"散熱模組, 筆記型電腦用散熱模組, 鎂鋁合金, 電子製造服務, 電子零件元件, 電腦系統業",,
2355,敬鵬,電子零組件業,TWSE,"印刷電路板, 印刷電路板相關",,
2356,英業達,電腦及週邊設備業,TWSE,"AI伺服器, 伺服器, 筆記型電腦製造, 電子製造服務, 電腦系統業",,
2357,華碩,電腦及週邊設備業,TWSE,"AI伺服器, 主機板, 手機, 教育筆電, 智慧型手機, 智慧手錶, 桌上型電腦, 穿戴式裝置, 筆記型電腦, 繪圖卡, 週邊產品, 電競筆電, 電競週邊, 電腦系統業",,
2359,所羅門,其他電子業,TWSE,"LCM, 協作機器人, 機器人, 產業機械, 自動化設備, 軟體業, 電力設備, 電子元件代理商, 電子通路, 電機, 面板業",,
2360,致茂,其他電子業,TWSE,"設備儀器商, 量測儀器",,
2362,藍天,電腦及週邊設備業,TWSE,"地產, 物業投資發展, 筆記型電腦製造, 資產股, 電腦系統業",,
2363,矽統,半導體業,TWSE,"IC設計, MEMS, 繪圖IC, 觸控IC",,
2364,倫飛,電腦及週邊設備業,TWSE,"工業電腦, 強固電腦, 電腦系統業",,
2365,昆盈,電腦及週邊設備業,TWSE,"滑鼠, 行車紀錄器, 車用電子, 週邊產品, 鍵盤, 電競週邊",,
2367,燿華,電子零組件業,TWSE,"印刷電路板, 印刷電路板相關",,
2368,金像電,電子零組件業,TWSE,"印刷電路板, 印刷電路板相關",,
2369,菱生,半導體業,TWSE,"IC封裝, IC封裝測試, IC測試",,
2371,大同,電機機械,TWSE,"充電樁, 冷氣機, 家電, 小家電, 智慧電網相關, 液晶電視, 系統整合, 變電設備, 變頻器, 資產股, 車用充電相關, 軟體業, 配電工程, 配電盤, 重電設備, 電力設備, 電子元件代理商, 電子通路, 電機, 電氣開關設備, 電線電纜",,
2373,震旦行,其他電子業,TWSE,"家居用品, 辦公室傢俱, 辦公用品設備, 電子其他",,
2374,佳能,光電業,TWSE,"光學元件, 光學鏡片／頭, 手機鏡頭模組, 手機零組件, 數位相機, 數位相機組裝",,
2375,凱美,電子零組件業,TWSE,"散熱模組, 散熱風扇馬達, 晶片電阻, 被動元件, 鋁質電解電容",,
2376,技嘉,電腦及週邊設備業,TWSE,"AI伺服器, 主機板, 伺服器, 筆記型電腦, 繪圖卡, 週邊產品, 電競筆電, 電競週邊, 電腦系統業",,
2377,微星,電腦及週邊設備業,TWSE,"主機板, 伺服器, 桌上型電腦, 筆記型電腦, 繪圖卡, 週邊產品, 電競筆電, 電競週邊, 電腦系統業",,
2379,瑞昱,半導體業,TWSE,"IC設計, LCD控制IC, PC週邊IC, 安全監控IC, 影音IC, 數位電視IC, 無線網路IC, 網路卡IC, 網路通訊IC, 集線器IC",,
2380,虹光,電腦及週邊設備業,TWSE,"事務機器, 掃瞄器, 週邊產品, 電子其他",,
2382,廣達,電腦及週邊設備業,TWSE,"AI伺服器, 伺服器, 筆記型電腦製造, 電子製造服務, 電腦系統業",,
2383,台光電,電子零組件業,TWSE,"印刷電路板相關, 銅箔基板",,
2385,群光,電子零組件業,TWSE,"週邊產品, 鍵盤, 電子零件元件, 電源供應器, 電競週邊",,
2387,精元,電腦及週邊設備業,TWSE,"週邊產品, 鍵盤",,
2388,威盛,半導體業,TWSE,"CPU, IC設計, 其他IC, 嵌入式晶片, 數位看板, 晶片組, 車用電子, 顯示器, 高速傳輸介面IC",,
2390,云辰,其他電子業,TWSE,"安全監控, 工業電腦, 系統整合, 軟體業",,
2392,正崴,電子零組件業,TWSE,"3C通路商, 工業用電池, 消費用電池, 車用鋰電池, 連接器, 連接線材, 週邊產品, 電子通路, 電子零件元件, 電池, 電源供應器",,
2393,億光,光電業,TWSE,"LED, LED封裝, LED照明產品",,
2395,研華,電腦及週邊設備業,TWSE,工業電腦,,
2397,友通,電腦及週邊設備業,TWSE,工業電腦,,
2399,映泰,電腦及週邊設備業,TWSE,"主機板, 工業電腦, 繪圖卡, 電腦系統業",,
2401,凌陽,半導體業,TWSE,"DSP, IC設計, 光碟機驅動IC, 影音IC, 消費性IC, 設計IP",,
2402,毅嘉,電子零組件業,TWSE,"其他電子零件, 印刷電路板相關, 軟板, 電子零件元件",,
2404,漢唐,其他電子業,TWSE,"廠務工程, 電子其他",,
2405,輔信,電腦及週邊設備業,TWSE,"準系統, 福祉輔助設備, 輔助與彌補用醫材, 電腦系統業",,
2406,國碩,光電業,TWSE,"太陽能, 太陽能導電漿, 太陽能系統運用",,
2408,南亞科,半導體業,TWSE,"DRAM, IC製造",,
2409,友達,光電業,TWSE,"OLED, TFT-LCD, 中小尺吋面板, 觸控面板, 面板業",,
2412,中華電,通信網路業,TWSE,"多軌道衛星, 網通設備, 行動通訊, 通訊服務, 電信／數據服務",,
2413,環科,電子零組件業,TWSE,"被動元件, 變壓器, 電子製造服務, 電子零件元件, 電感, 電源供應器, 電腦系統業",,
2414,精技,電子通路業,TWSE,"電子通路, 電腦通路商",,
2415,錩新,電子零組件業,TWSE,"其他電子零件, 證券, 金融業, 電子零件元件, 音響設備及零件",,
2417,圓剛,電腦及週邊設備業,TWSE,"消費性電子產品, 視訊會議產品, 視訊轉換相關",,
2419,仲琦,通信網路業,TWSE,"接取設備, 數據機, 系統整合, 網通設備, 軟體業",,
2420,新巨,電子零組件業,TWSE,"程式開關, 電子零件元件, 電源供應器",,
2421,建準,電子零組件業,TWSE,"散熱模組, 散熱風扇馬達",,
2423,固緯,其他電子業,TWSE,"設備儀器商, 量測儀器",,
2424,隴華,通信網路業,TWSE,"低軌道衛星, 網通設備, 通訊服務",,
2425,承啟,電腦及週邊設備業,TWSE,"AI伺服器, 主機板, 伺服器, 繪圖卡, 電腦系統業",,
2426,鼎元,光電業,TWSE,"LED, LED晶粒, 二極體, 光纖主動元件, 光通訊, 分離式元件, 電晶體",,
2427,三商電,資訊服務業,TWSE,"傳產其他, 系統整合, 軟體業, 金融機具",,
2428,興勤,電子零組件業,TWSE,"壓敏電阻, 熱敏電阻, 被動元件",,
2429,銘旺科,光電業,TWSE,"玻璃基板加工, 面板零組件",,
2430,燦坤,電子通路業,TWSE,"3C通路商, 家電, 電器銷售, 電子通路",,
2431,聯昌,電子零組件業,TWSE,"電子零件元件, 電源供應器",,
2432,倚天酷��-創,電腦及週邊設備業,TWSE,"傳產其他, 手提箱, 自行車, 車輛整車, 週邊產品, 電競週邊",,
2433,互盛電,其他電子業,TWSE,"事務機器, 辦公用品設備, 電子其他",,
2434,統懋,半導體業,TWSE,"二極體, 分離式元件, 電晶體",,
2436,偉詮電,半導體業,TWSE,"IC設計, IC零組件通路商, LED驅動IC, MCU, PC週邊IC, 消費性IC, 電子通路, 類比IC, 馬達IC",,
2438,翔耀,光電業,TWSE,"家電, 小家電, 玻璃基板加工, 配電工程, 電力設備, 面板零組件",,
2439,美律,通信網路業,TWSE,"微型揚聲器, 耳機, 電聲產品",,
2440,太空梭,電子零組件業,TWSE,"裸銅線, 電線電纜",,
2441,超豐,半導體業,TWSE,"IC封裝, IC封裝測試, IC測試",,
2442,新美齊,建材營造業,TWSE,"地產, 營建",,
2444,兆勁,通信網路業,TWSE,"無線網路設備系統(WLAN), 硬碟相關, 網通設備, 記憶卡, 週邊產品",,
2449,京元電子,半導體業,TWSE,"IC封裝, IC封裝測試, IC測試",,
2450,神腦,通信網路業,TWSE,"3C通路商, 手機零售通路商, 電子通路",,
2451,創見,半導體業,TWSE,"DRAM模組, FLASH模組, 記憶體模組, 電子零件元件",,
2453,凌群,資訊服務業,TWSE,"INTERNET技術與基礎設施, 系統整合, 軟體業, 雲端科技",,
2454,聯發科,半導體業,TWSE,"CPU, DSL晶片組, IC設計, LCD控制IC, 光碟機驅動IC, 影音IC, 手機晶片相關, 手機零組件, 數位電視IC, 數據機晶片組, 消費性IC, 無線網路IC, 網路通訊IC, 衛星導航晶片組",,
2455,全新,通信網路業,TWSE,"IC製造, 光通訊元件磊晶, 砷化鎵相關",,
2457,飛宏,電子零組件業,TWSE,"電子零件元件, 電源供應器",,
2458,義隆,半導體業,TWSE,"IC設計, MCU, PC週邊IC, 消費性IC, 生物辨識IC, 觸控IC",,
2459,敦吉,其他電子業,TWSE,"檢測驗證服務, 設備儀器商, 電子元件代理商, 電子通路",,
2460,建通,電子零組件業,TWSE,"其他電子零件, 電子零件元件",,
2461,光群雷,其他電子業,TWSE,"光學膜, 電子其他, 面板零組件",,
2462,良得電,電子零組件業,TWSE,"連接線材, 電子零件元件",,
2464,盟立,其他電子業,TWSE,"半導體製程設備, 機器人, 產業機械, 自動化設備, 設備儀器商, 軟體業, 軟體通路／代理, 面板設備",,
2465,麗臺,電腦及週邊設備業,TWSE,"繪圖卡, 電腦系統業",,
2466,冠西電,光電業,TWSE,"LED, LED照明產品, 光纖被動元件, 光通訊",,
2467,志聖,電子零組件業,TWSE,"PCB相關設備, 半導體製程設備, 設備儀器商, 面板設備",,
2468,華經,資訊服務業,TWSE,"系統整合, 軟體業",,
2471,資通,資訊服務業,TWSE,"企業資源規劃, 客戶關係管理, 應用軟體, 系統整合, 軟體業",,
2472,立隆電,電子零組件業,TWSE,"被動元件, 被動元件上游, 鋁質電解電容",,
2474,可成,其他電子業,TWSE,"鎂鋁合金, 電子零件元件",,
2476,鉅祥,電子零組件業,TWSE,"模具沖壓, 電子零件元件",,
2477,美隆電,其他電子業,TWSE,"電子零件元件, 音響設備及零件",,
2478,大毅,電子零組件業,TWSE,"晶片電阻, 被動元件",,
2480,敦陽科,資訊服務業,TWSE,"INTERNET技術與基礎設施, 系統整合, 資訊安全, 軟體業, 雲端科技",,
2481,強茂,半導體業,TWSE,"二極體, 分離式元件, 電晶體",,
2482,連宇,其他電子業,TWSE,"IC讀卡機, 週邊產品",,
2483,百容,電子零組件業,TWSE,"其他電子零件, 封測服務與材料, 導線架, 程式開關, 連接器, 電力設備, 電子零件元件, 電機, 電氣零件與設備",,
2484,希華,電子零組件業,TWSE,"振盪器, 濾波器, 石英元件, 被動元件",,
2485,兆赫,通信網路業,TWSE,"低雜訊降頻器, 消費性電子產品, 網通設備, 視訊轉換相關",,
2486,一詮,光電業,TWSE,"LED, LED散熱基板, 封測服務與材料, 導線架, 背光模組, 面板零組件",,
2488,漢平,其他電子業,TWSE,"電子零件元件, 音響設備及零件",,
2489,瑞軒,光電業,TWSE,"LCD顯示器, 家電, 液晶電視, 顯示器",,
2491,吉祥全,光電業,TWSE,"LED, LED照明產品",,
2492,華新科,電子零組件業,TWSE,"MLCC, 晶片電阻, 被動元件, 電容",,
2493,揚博,電子零組件業,TWSE,"PCB相關設備, 半導體材料通路商, 設備儀器商, 電子通路, 面板設備",,
2495,普安,電腦及週邊設備業,TWSE,"磁碟陣列控制器, 週邊產品",,
2496,卓越,其他業,TWSE,"教育事業, 服務業",,
2497,怡利電,汽車工業,TWSE,"抬頭顯示器(HUD), 胎壓監測系統, 行車紀錄器, 車用電子, 車載影音系統",,
2498,宏達電,通信網路業,TWSE,"手機, 手機製造, 智慧型手機, 消費性電子產品, 穿戴式裝置, 虛擬實境, 軟體業",,
2501,國建,建材營造業,TWSE,"地產, 營建",,
2504,國產,建材營造業,TWSE,"水泥, 資產股, 預拌混凝土",,
2505,國揚,建材營造業,TWSE,"地產, 營建",,
2506,太設,建材營造業,TWSE,"地產, 營建, 物業投資發展",,
2509,全坤建,建材營造業,TWSE,"地產, 營建",,
2511,太子,建材營造業,TWSE,"地產, 旅宿／餐飲, 營建, 飯店",,
2514,龍邦,其他業,TWSE,"住宅建設, 地產, 營建, 營造工程",,
2515,中工,建材營造業,TWSE,"住宅建設, 基礎建設, 營造工程, 配電工程, 電力設備",,
2516,新建,建材營造業,TWSE,"住宅建設, 基礎建設, 營造工程",,
2520,冠德,建材營造業,TWSE,"住宅建設, 地產, 營建, 營造工程",,
2524,京城,建材營造業,TWSE,"地產, 營建",,
2527,宏璟,建材營造業,TWSE,"地產, 營建",,
2528,皇普,建材營造業,TWSE,"地產, 營建",,
2530,華建,建材營造業,TWSE,"地產, 營建",,
2534,宏盛,建材營造業,TWSE,"地產, 營建, 物業投資發展",,
2535,達欣工,建材營造業,TWSE,"住宅建設, 基礎建設, 營造工程",,
2536,宏普,建材營造業,TWSE,"地產, 營建",,
2537,聯上發,建材營造業,TWSE,"地產, 營建",,
2538,基泰,建材營造業,TWSE,"地產, 營建",,
2539,櫻花建,建材營造業,TWSE,"地產, 營建",,
2540,愛山林,建材營造業,TWSE,"住宅建設, 地產, 房屋代銷, 營造工程",,
2542,興富發,建材營造業,TWSE,"地產, 營建",,
2543,皇昌,建材營造業,TWSE,"基礎建設, 營造工程",,
2545,皇翔,建材營造業,TWSE,"地產, 營建",,
2546,根基,建材營造業,TWSE,"住宅建設, 基礎建設, 營造工程",,
2547,日勝生,建材營造業,TWSE,"地產, 流通業, 營建, 物業投資發展, 百貨業",,
2548,華固,建材營造業,TWSE,"地產, 營建",,
2596,綠意,建材營造業,TPEX,"地產, 營建",,
2597,潤弘,建材營造業,TWSE,"住宅建設, 基礎建設, 建材, 營造工程",,
2601,益航,貿易百貨業,TWSE,"散裝航運, 流通業, 百貨業, 運輸事業",,
2603,長榮,航運業,TWSE,"貨櫃航運, 運輸事業",,
2605,新興,航運業,TWSE,"散裝航運, 油輪, 運輸事業",,
2606,裕民,航運業,TWSE,"散裝航運, 油輪, 運輸事業",,
2607,榮運,航運業,TWSE,"倉儲服務, 其他公用事業, 加油站, 客運, 物流業, 貨櫃場服務, 資產股, 運輸事業, 陸運",,
2608,嘉里大榮,航運業,TWSE,"倉儲服務, 物流業, 運輸事業, 陸運",,
2609,陽明,航運業,TWSE,"貨櫃航運, 運輸事業",,
2610,華航,航運業,TWSE,"空運, 運輸事業",,
2611,志信,航運業,TWSE,"地產, 旅宿／餐飲, 流通業, 營建, 貿易, 運輸事業, 陸運, 飯店",,
2612,中航,航運業,TWSE,"散裝航運, 物流業, 貨櫃場服務, 運輸事業, 陸運",,
2613,中櫃,航運業,TWSE,"貨櫃場服務, 運輸事業",,
2614,東森,其他業,TWSE,"傳播事業, 傳產其他, 寵物用品, 有線電視, 貨櫃場服務, 運輸事業",,
2615,萬海,航運業,TWSE,"貨櫃航運, 運輸事業",,
2616,山隆,油電燃氣業,TWSE,"其他公用事業, 加油站, 運輸事業, 陸運",,
2617,台航,航運業,TWSE,"散裝航運, 水上運輸, 運輸事業",,
2618,長榮航,航運業,TWSE,"空運, 運輸事業",,
2630,亞航,航運業,TWSE,"運輸事業, 飛機維修",,
2633,台灣高鐵,航運業,TWSE,"運輸事業, 鐵路運輸",,
2634,漢翔,航運業,TWSE,"機械零組件, 航天機械零組件, 航天軍工, 飛機零件／製造",,
2636,台驊控股,航運業,TWSE,"海空運承攬業, 物流業, 運輸事業",,
2637,慧洋-KY,航運業,TWSE,"散裝航運, 運輸事業",,
2640,大車隊,數位雲端,TPEX,"客運, 汽車服務相關, 運輸事業",,
2641,正德,航運業,TPEX,"散裝航運, 運輸事業",,
2642,宅配通,航運業,TWSE,"物流業, 運輸事業, 陸運",,
2643,捷迅,航運業,TPEX,"海空運承攬業, 運輸事業, 陸運",,
2645,長榮航太,航運業,TWSE,"航天機械零組件, 航天軍工, 運輸事業, 飛機維修",,
2646,星宇航空,航運業,TWSE,"空運, 運輸事業",,
2701,萬企,觀光餐旅,TWSE,"休閒娛樂, 地產, 物業投資發展, 電影院／劇院",,
2702,華園,觀光餐旅,TWSE,"旅宿／餐飲, 飯店",,
2704,國賓,觀光餐旅,TWSE,"旅宿／餐飲, 飯店, 餐飲",,
2705,六福,觀光餐旅,TWSE,"主題樂園, 休閒娛樂, 旅宿／餐飲, 資產股, 飯店",,
2706,第一店,觀光餐旅,TWSE,"地產, 旅宿／餐飲, 物業投資發展, 飯店",,
2707,晶華,觀光餐旅,TWSE,"旅宿／餐飲, 飯店",,
2712,遠雄來,觀光餐旅,TWSE,"旅宿／餐飲, 飯店",,
2718,全心投控,建材營造業,TPEX,"地產, 控股公司, 營建",,
2719,燦星旅,觀光餐旅,TPEX,"休閒娛樂, 旅行社",,
2722,夏都,觀光餐旅,TWSE,"旅宿／餐飲, 飯店",,
2723,美食-KY,觀光餐旅,TWSE,"休閒食品零售, 旅宿／餐飲, 穀類烘焙製品, 食品加工, 餐飲",,
2724,藝舍-KY,其他業,TPEX,"地產, 房屋代銷",,
2726,雅茗-KY,觀光餐旅,TPEX,"旅宿／餐飲, 連鎖飲料, 餐飲",,
2727,王品,觀光餐旅,TWSE,"旅宿／餐飲, 餐飲",,
2729,瓦城,觀光餐旅,TPEX,"旅宿／餐飲, 餐飲",,
2731,雄獅,觀光餐旅,TWSE,"休閒娛樂, 旅行社",,
2732,六角,觀光餐旅,TPEX,"旅宿／餐飲, 連鎖飲料, 餐飲",,
2734,易飛網,觀光餐旅,TPEX,"INTERNET應用與服務, 休閒娛樂, 旅行社, 電商平台",,
2736,富野,觀光餐旅,TPEX,"旅宿／餐飲, 飯店",,
2739,寒舍,觀光餐旅,TWSE,"旅宿／餐飲, 飯店",,
2740,華軒,觀光餐旅,TPEX,"旅宿／餐飲, 餐飲",,
2743,山富,觀光餐旅,TPEX,"休閒娛樂, 旅行社",,
2745,五福,觀光餐旅,TPEX,"休閒娛樂, 旅行社",,
2748,雲品,觀光餐旅,TWSE,"婚宴顧問, 旅宿／餐飲, 服務業, 飯店",,
2751,王座,觀光餐旅,TPEX,"旅宿／餐飲, 餐飲",,
2752,豆府,觀光餐旅,TPEX,"旅宿／餐飲, 餐飲",,
2753,八方雲集,觀光餐旅,TWSE,"旅宿／餐飲, 餐飲",,
2754,亞洲藏壽司,觀光餐旅,TPEX,"旅宿／餐飲, 餐飲",,
2755,揚秦,觀光餐旅,TPEX,"旅宿／餐飲, 餐飲",,
2756,聯發國際,觀光餐旅,TPEX,"旅宿／餐飲, 連鎖飲料, 餐飲",,
2762,世界健身-KY,運動休閒,TWSE,"休閒娛樂, 連鎖健身房",,
2801,彰銀,金融保險業,TWSE,"金融業, 銀行",,
2812,台中銀,金融保險業,TWSE,"金融業, 銀行",,
2816,旺旺保,金融保險業,TWSE,"產險, 金融業",,
2820,華票,金融保險業,TWSE,"票券, 金融其他, 金融業",,
2832,台產,金融保險業,TWSE,"產險, 金融業",,
2834,臺企銀,金融保險業,TWSE,"金融業, 銀行",,
2836,高雄銀,金融保險業,TWSE,"金融業, 銀行",,
2838,聯邦銀,金融保險業,TWSE,"金融業, 銀行",,
2845,遠東銀,金融保險業,TWSE,"金融業, 銀行",,
2849,安泰銀,金融保險業,TWSE,"金融業, 銀行",,
2850,新產,金融保險業,TWSE,"產險, 金融業",,
2851,中再保,金融保險業,TWSE,"再保險, 壽險, 產險, 金融業",,
2852,第一保,金融保險業,TWSE,"再保險, 產險, 金融業",,
2855,統一證,金融保險業,TWSE,"證券, 金融業",,
2867,三商壽,金融保險業,TWSE,"壽險, 金融業",,
2880,華南金,金融保險業,TWSE,"投信, 產險, 證券, 資產管理, 金控, 金融其他, 金融業, 銀行",,
2881,富邦金,金融保險業,TWSE,"壽險, 投信, 投資信託, 產險, 證券, 資產管理, 金控, 金融其他, 金融業, 銀行",,
2882,國泰金,金融保險業,TWSE,"壽險, 投信, 投資信託, 產險, 證券, 資產管理, 金控, 金融其他, 金融業, 銀行",,
2883,凱基金,金融保險業,TWSE,"證券, 金控, 金融業, 銀行",,
2884,玉山金,金融保險業,TWSE,"保險經紀, 證券, 金控, 金融其他, 金融業, 銀行",,
2885,元大金,金融保險業,TWSE,"投信, 投資信託, 證券, 證金公司, 資產管理, 金控, 金融其他, 金融業, 銀行",,
2886,兆豐金,金融保險業,TWSE,"投信, 產險, 票券, 證券, 資產管理, 金控, 金融其他, 金融業, 銀行",,
2887,台新新光金,金融保險業,TWSE,"保險經紀, 壽險, 投信, 證券, 資產管理, 金控, 金融其他, 金融業, 銀行",,
2889,國票金,金融保險業,TWSE,"票券, 證券, 金控, 金融其他, 金融業",,
2890,永豐金,金融保險業,TWSE,"投信, 租賃, 證券, 資產管理, 金控, 金融其他, 金融業, 銀行",,
2891,中信金,金融保險業,TWSE,"保全業, 保險經紀, 壽險, 投信, 投資信託, 服務業, 證券, 資產管理, 金控, 金融業, 銀行",,
2892,第一金,金融保險業,TWSE,"壽險, 投信, 證券, 資產管理, 金控, 金融其他, 金融業, 銀行",,
2897,王道銀行,金融保險業,TWSE,"金融業, 銀行",,
2901,欣欣,貿易百貨業,TWSE,"地產, 流通業, 物業投資發展, 百貨業, 資產股",,
2903,遠百,貿易百貨業,TWSE,"流通業, 百貨業, 量販店、大賣場",,
2904,匯僑,其他業,TWSE,"太陽能發電, 油品儲運／分銷, 石油及天然氣, 電力",,
2905,三商,貿易百貨業,TWSE,控股公司,,
2906,高林,貿易百貨業,TWSE,"家居相關用品通路, 成衣, 成衣銷售／零售, 流通業, 貿易, 醫療器材通路, 醫藥流通",,
2908,特力,貿易百貨業,TWSE,"家居相關用品通路, 流通業, 貿易, 量販店、大賣場",,
2910,統領,貿易百貨業,TWSE,"地產, 流通業, 營建, 百貨業",,
2911,麗嬰房,貿易百貨業,TWSE,"傳產其他, 嬰童用品, 玩具",,
2912,統一超,貿易百貨業,TWSE,"便利商店, 流通業",,
2913,農林,貿易百貨業,TWSE,"流通業, 茶葉相關, 貿易, 資產股, 農林漁牧, 農產品種植, 食品加工",,
2915,潤泰全,貿易百貨業,TWSE,"成衣, 成衣銷售／零售, 控股公司, 流通業, 織布業, 貿易",,
2916,滿心,居家生活,TPEX,"成衣, 成衣銷售／零售",,
2923,鼎固-KY,建材營造業,TWSE,"地產, 營建, 物業投資發展",,
2924,宏太-KY,居家生活,TPEX,"傳產其他, 嬰童用品, 玩具",,
2926,誠品生活,文化創意業,TPEX,"文化創意產業, 旅宿／餐飲, 書店, 流通業, 百貨業, 餐飲",,
2929,淘帝-KY,貿易百貨業,TWSE,"傳產其他, 嬰童用品",,
2937,集雅社,居家生活,TPEX,"家電, 電器銷售",,
2939,永邑-KY,貿易百貨業,TWSE,"家居相關用品通路, 流通業, 貿易",,
2941,米斯特,居家生活,TPEX,"INTERNET應用與服務, 成衣, 成衣銷售／零售, 電商平台",,
2945,三商家購,貿易百貨業,TWSE,"流通業, 連鎖超市",,
2947,振宇五金,居家生活,TPEX,"家居相關用品通路, 流通業, 量販店、大賣場",,
2948,寶陞,居家生活,TPEX,"家居相關用品通路, 流通業",,
2949,欣新網,數位雲端,TPEX,"INTERNET技術與基礎設施, 傳播事業, 廣告, 電商服務",,
3002,歐格,電腦及週邊設備業,TWSE,"商用遊戲機, 被動元件, 遊戲產業, 電子零件元件, 電源供應器",,
3003,健和興,電子零組件業,TWSE,"其他電子零件, 汽機車零組件, 汽車端子, 連接器, 電子零件元件",,
3004,豐達科,鋼鐵工業,TWSE,"線材盤元, 航天軍工, 螺絲螺帽",,
3005,神基,電腦及週邊設備業,TWSE,"工業電腦, 強固電腦, 機殼, 汽機車零組件, 電子零件元件, 電腦系統業",,
3006,晶豪科,半導體業,TWSE,"DRAM記憶體IC, FLASH記憶體IC, IC設計, 類比IC",,
3008,大立光,光電業,TWSE,"光學元件, 光學鏡片／頭",,
3010,華立,電子通路業,TWSE,"半導體材料通路商, 電子元件代理商, 電子通路",,
3011,今皓,電子零組件業,TWSE,"連接線材, 電子零件元件",,
3013,晟銘電,電腦及週邊設備業,TWSE,"伺服器機殼, 電子零件元件",,
3014,聯陽,半導體業,TWSE,"IC設計, IO控制IC, PC週邊IC, 安全監控IC, 影音IC, 數位電視IC, 消費性IC, 觸控IC, 高速傳輸介面IC",,
3015,全漢,電子零組件業,TWSE,"電子零件元件, 電源供應器",,
3016,嘉晶,半導體業,TWSE,"IC製造, 矽晶圓, 磊晶",,
3017,奇鋐,電腦及週邊設備業,TWSE,"伺服器機殼, 伺服器用散熱模組, 其他散熱零件, 散熱模組, 散熱風扇馬達, 機殼, 筆記型電腦用散熱模組, 電子零件元件",,
3018,隆銘綠能,其他電子業,TWSE,"地產, 廠務工程, 營建, 電子其他",,
3019,亞光,光電業,TWSE,"傳產其他, 光學, 光學元件, 光學鏡片／頭, 影像感測元件, 數位相機, 數位相機組裝",,
3021,鴻名,電子零組件業,TWSE,"系統整合, 軟體業, 連接線材, 電子零件元件",,
3022,威強電,電腦及週邊設備業,TWSE,工業電腦,,
3023,信邦,電子零組件業,TWSE,"連接器, 連接線材, 電子零件元件",,
3024,憶聲,光電業,TWSE,"園區開發, 地產, 家電, 資產股, 車用電子, 車載影音系統, 電器銷售",,
3025,星通,通信網路業,TWSE,"光纖設備, 光通訊, 網通設備, 電信設備",,
3026,禾伸堂,電子零組件業,TWSE,"IC零組件通路商, MLCC, 被動元件, 鋁質電解電容, 電子元件代理商, 電子通路",,
3027,盛達,通信網路業,TWSE,"PV INVERTER, 太陽能, 太陽能發電, 太陽能系統運用, 接取設備, 網通設備, 重電設備, 電力, 電力設備",,
3028,增你強,電子通路業,TWSE,"IC零組件通路商, 電子元件代理商, 電子通路",,
3029,零壹,資訊服務業,TWSE,"INTERNET技術與基礎設施, 系統整合, 資訊安全, 軟體業, 軟體通路／代理, 雲端科技",,
3030,德律,其他電子業,TWSE,"PCB相關設備, 設備儀器商",,
3031,佰鴻,光電業,TWSE,"LED, LED封裝, LED照明產品",,
3032,偉訓,電子零組件業,TWSE,"伺服器機殼, 機殼, 週邊產品, 電子零件元件, 電源供應器, 電競週邊",,
3033,威健,電子通路業,TWSE,"IC零組件通路商, 電子通路",,
3034,聯詠,半導體業,TWSE,"CMOS晶片, IC設計, LCD控制IC, LCD驅動IC, 安全監控IC, 影音IC, 手機零組件, 手機面板驅動IC, 數位電視IC, 觸控IC",,
3035,智原,半導體業,TWSE,"ASIC, IC設計, 設計IP",,
3036,文曄,電子通路業,TWSE,"IC零組件通路商, 電子通路",,
3037,欣興,電子零組件業,TWSE,"ABF載板, BGA基板, IC基板, 印刷電路板, 印刷電路板相關, 封測服務與材料",,
3038,全台,光電業,TWSE,"LCM, 中小尺吋面板, 觸控面板, 面板業",,
3040,遠見,其他業,TWSE,"地產, 消費性電子產品, 物業投資發展",,
3041,揚智,半導體業,TWSE,"IC設計, 影音IC, 機上盒晶片, 消費性IC",,
3042,晶技,電子零組件業,TWSE,"振盪器, 石英元件, 被動元件",,
3043,科風,其他電子業,TWSE,"UPS, 電子零件元件",,
3044,健鼎,電子零組件業,TWSE,"印刷電路板, 印刷電路板相關",,
3045,台灣大,通信網路業,TWSE,"INTERNET應用與服務, 低軌道衛星, 無店舖販售, 網通設備, 行動通訊, 通訊服務, 電信／數據服務, 電商平台, 電視購物",,
3046,建��,電腦及週邊設備業,TWSE,"工業電腦, 數位看板, 顯示器",,
3047,訊舟,通信網路業,TWSE,"區域網路, 無線網路設備系統(WLAN), 網通設備",,
3048,益登,電子通路業,TWSE,"IC零組件通路商, 電子通路",,
3049,精金,光電業,TWSE,"觸控面板, 面板業",,
3050,鈺德,光電業,TWSE,"休閒娛樂, 光碟片, 太陽能, 太陽能系統運用, 旅宿／餐飲, 碟片預錄, 餐飲",,
3051,力特,光電業,TWSE,"偏光板, 面板零組件",,
3052,夆典,建材營造業,TWSE,"地產, 水電消防工程, 營建, 營造工程",,
3054,立萬利,食品工業,TWSE,"DRAM, IC製造, 生物科技, 非揮發性記憶體, 食品生技",,
3055,蔚華科,電子通路業,TWSE,"半導體製程設備, 封測用設備, 設備儀器商",,
3056,富華新,建材營造業,TWSE,"地產, 控股公司, 營建",,
3057,喬鼎,電腦及週邊設備業,TWSE,"磁碟陣列控制器, 週邊產品",,
3058,立德,電子零組件業,TWSE,"變壓器, 電子零件元件, 電源供應器",,
3059,華晶科,光電業,TWSE,"IC設計, 光學元件, 光學鏡片／頭, 安全監控, 工業電腦, 影像感測元件, 影音IC, 手機鏡頭模組, 手機零組件, 數位相機, 數位相機組裝, 診斷與監測用醫材, 車用電子",,
3060,銘異,電腦及週邊設備業,TWSE,"硬碟相關, 週邊產品",,
3062,建漢,通信網路業,TWSE,"消費性電子產品, 無線網路設備系統(WLAN), 網通設備, 視訊轉換相關",,
3064,泰偉,文化創意業,TPEX,"PC遊戲, 博奕機台, 工業電腦, 遊戲產業",,
3066,李洲,光電業,TPEX,"LED, LED封裝",,
3067,全域,其他電子業,TPEX,"水資源, 水資源設備／耗材, 電子零件元件, 音響設備及零件",,
3071,協禧,電腦及週邊設備業,TPEX,"散熱模組, 散熱風扇馬達, 筆記型電腦用散熱模組",,
3073,天方能源,綠能環保,TPEX,"太陽能發電, 電力, 風力發電",,
3078,僑威,電子零組件業,TPEX,"電子零件元件, 電源供應器",,
3081,聯亞,通信網路業,TPEX,"IC製造, 光通訊元件磊晶, 砷化鎵相關",,
3083,網龍,文化創意業,TPEX,"PC遊戲, 手機遊戲, 遊戲產業",,
3085,新零售,數位雲端,TPEX,"INTERNET應用與服務, 物流業, 運輸事業, 電商平台",,
3086,華義,文化創意業,TPEX,"PC遊戲, 手機遊戲, 文化創意產業, 遊戲產業",,
3088,艾訊,電腦及週邊設備業,TPEX,工業電腦,,
3090,日電貿,電子零組件業,TWSE,"MLCC, 被動元件, 鋁質電解電容, 電子元件代理商, 電子通路, 電容",,
3092,鴻碩,電子零組件業,TWSE,"連接線材, 電子零件元件",,
3093,港建*,其他電子業,TPEX,"PCB相關設備, 封測用設備, 設備儀器商",,
3094,聯傑,半導體業,TWSE,"IC設計, 網路通訊IC",,
3095,及成,通信網路業,TPEX,"模具沖壓, 電子零件元件",,
3105,穩懋,半導體業,TPEX,"IC製造, 化合物晶圓, 砷化鎵相關",,
3114,好德,電子零組件業,TPEX,"連接器, 連接線材, 電子元件代理商, 電子通路, 電子零件元件",,
3115,富榮綱,電子零組件業,TPEX,"銅, 鋁, 非鐵金屬",,
3118,進階,生技醫療業,TPEX,"IVD檢驗儀器設備, 檢驗試劑／紙, 生技服務, 生物科技, 體外診斷用醫材",,
3122,笙泉,半導體業,TPEX,"IC設計, MCU",,
3128,昇銳,光電業,TPEX,"倒車影像系統, 安全監控, 工業電腦, 車用電子",,
3130,一零四,數位雲端,TWSE,"INTERNET應用與服務, 人力資源, 人力資源網站, 服務業",,
3131,弘塑,其他電子業,TPEX,"半導體化學品, 半導體製程設備, 封測用設備, 設備儀器商",,
3135,凌航,半導體業,TWSE,"DRAM模組, FLASH模組, 記憶體模組, 電子零件元件",,
3138,耀登,通信網路業,TWSE,"天線, 網通設備, 設備儀器商, 量測儀器",,
3141,晶宏,半導體業,TPEX,"IC設計, LCD驅動IC, 觸控IC, 馬達IC",,
3147,大綜,資訊服務業,TPEX,"系統整合, 軟體業, 電子通路, 電腦通路商",,
3149,正達,光電業,TWSE,"建材, 汽車內裝, 玻璃, 玻璃基板加工, 車用玻璃, 面板零組件",,
3150,鈺寶-創,半導體業,TWSE,"IC設計, 影音IC, 無線網路IC",,
3152,璟德,通信網路業,TPEX,"網通設備, 通訊設備零組件",,
3158,嘉實,資訊服務業,TPEX,"應用軟體, 系統整合, 軟體業",,
3162,精確,電機機械,TPEX,汽機車零組件,,
3163,波若威,通信網路業,TPEX,"光纖被動元件, 光通訊",,
3164,景岳,生技醫療業,TWSE,"化學工業, 生物科技, 衛生清潔用品, 食品生技",,
3167,大量,電機機械,TWSE,"PCB相關設備, 印刷電路板相關, 設備儀器商, 雷射鑽孔機、鑽頭",,
3168,眾福科,光電業,TWSE,"LCM, 面板業",,
3169,亞信,半導體業,TPEX,"IC設計, IO控制IC, 嵌入式晶片, 網路通訊IC",,
3171,炎洲流通,居家生活,TPEX,"化學工業, 塑化製品, 塑膠加工, 膠帶",,
3176,基亞,生技醫療業,TPEX,"學名藥, 新藥研發, 檢驗試劑／紙, 生物製劑, 西藥製劑, 醫藥產業, 體外診斷用醫材",,
3178,公準,半導體業,TPEX,"半導體製程設備, 模具, 機械零組件, 設備儀器商, 面板設備, 飛機零件／製造",,
3188,鑫龍騰,建材營造業,TPEX,"地產, 營建",,
3189,景碩,半導體業,TWSE,"IC基板, 封測服務與材料, 輔助與彌補用醫材, 隱形眼鏡",,
3191,雲嘉南,電子零組件業,TPEX,"變壓器, 電子零件元件",,
3205,佰研,生技醫療業,TPEX,"保健食品, 流通業, 生物科技, 食品加工, 食品生技, 食品飲料相關通路",,
3206,志豐,電子零組件業,TPEX,"受話器, 耳機, 電聲產品, 麥克風",,
3207,耀勝,電子零組件業,TPEX,"被動元件, 變壓器, 車用電子, 電子零件元件, 電感",,
3209,全科,電子通路業,TWSE,"IC設計, IC零組件通路商, 光通訊IC, 無線網路IC, 網路通訊IC, 電子通路, 類比IC",,
3211,順達,電腦及週邊設備業,TPEX,"BBU, 消費用電池, 資產股, 電池",,
3213,茂訊,電腦及週邊設備業,TPEX,"強固電腦, 筆記型電腦製造, 電子通路, 電腦系統業, 電腦通路商",,
3217,優群,電子零組件業,TPEX,"連接器, 電子零件元件",,
3218,大學光,生技醫療業,TPEX,"醫療服務, 醫療管理服務",,
3219,倚強科,其他電子業,TPEX,設備儀器商,,
3221,台嘉碩,通信網路業,TPEX,"振盪器, 濾波器, 石英元件, 被動元件",,
3224,三顧,電子通路業,TPEX,"連接器, 電子元件代理商, 電子通路, 電子零件元件",,
3226,龍鋒,電機機械,TPEX,"汽機車零組件, 車燈",,
3227,原相,半導體業,TPEX,"CMOS晶片, IC設計, 感測元件",,
3228,金麗科,半導體業,TPEX,"ASIC, IC設計, MCU, 嵌入式晶片, 網路通訊IC",,
3229,晟鈦,電子零組件業,TWSE,"PCB材料, 印刷電路板, 印刷電路板相關",,
3230,錦明,光電業,TPEX,"模具沖壓, 電子零件元件",,
3231,緯創,電腦及週邊設備業,TWSE,"AI伺服器, 伺服器, 筆記型電腦製造, 電子製造服務, 電腦系統業",,
3232,昱捷,電子通路業,TPEX,"IC設計, IC零組件通路商, LCD驅動IC, 分離式元件, 電子通路",,
3234,光環,通信網路業,TPEX,"IC製造, 光纖主動元件, 光通訊, 光通訊元件磊晶",,
3236,千如,電子零組件業,TPEX,"被動元件, 電感",,
3252,海灣,觀光餐旅,TPEX,"旅宿／餐飲, 飯店",,
3257,虹冠電,半導體業,TWSE,"IC設計, 二極體, 分離式元件, 電晶體, 電源管理IC",,
3259,鑫創,半導體業,TPEX,"FLASH記憶體IC, IC設計, MEMS, 其他IC, 影音IC, 記憶卡IC",,
3260,威剛,半導體業,TPEX,"DRAM模組, FLASH模組, 硬碟相關, 記憶體模組, 週邊產品, 電子零件元件, 電競週邊",,
3264,欣銓,半導體業,TPEX,"IC封裝測試, IC測試",,
3265,台星科,半導體業,TPEX,"IC封裝, IC封裝測試, IC測試",,
3266,昇陽,建材營造業,TWSE,"地產, 營建",,
3268,海德威,半導體業,TPEX,"IC設計, IC設計軟體, 其他IC",,
3272,東碩,電腦及週邊設備業,TPEX,週邊產品,,
3276,宇環,電子零組件業,TPEX,"印刷電路板, 印刷電路板相關",,
3284,太普高,其他業,TPEX,"傳產其他, 印刷業",,
3285,微端,其他電子業,TPEX,"LCM, 電子零件元件, 面板業, 音響設備及零件",,
3287,廣寰科,電腦及週邊設備業,TPEX,"滑鼠, 耳機, 週邊產品, 鍵盤, 電競週邊, 電聲產品",,
3288,點晶,電子零組件業,TPEX,"IC設計, LED驅動IC, 類比IC, 馬達IC",,
3289,宜特,其他電子業,TPEX,"檢測驗證服務, 設備儀器商",,
3290,東浦,電子零組件業,TPEX,"塑膠射出, 機殼, 電子零件元件",,
3293,鈊象,文化創意業,TPEX,"PC遊戲, 手機遊戲, 遊戲產業",,
3294,英濟,電子零組件業,TPEX,"塑膠射出, 機殼, 電子零件元件",,
3296,勝德,電子零組件業,TWSE,"電子零件元件, 電源供應器",,
3297,杭特,光電業,TPEX,"安全監控, 工業電腦",,
3303,岱稜,其他電子業,TPEX,電子其他,,
3305,昇貿,其他電子業,TWSE,"PCB材料, 印刷電路板相關, 封測服務與材料, 金、錫凸塊",,
3306,鼎天,通信網路業,TPEX,"網通設備, 衛星導航",,
3308,聯德,電子零組件業,TWSE,"電子零件元件, 電源供應器",,
3310,佳穎,電子零組件業,TPEX,"模具沖壓, 車用沖壓件, 車用金屬成型, 電子零件元件",,
3311,閎暉,通信網路業,TWSE,"汽機車零組件, 穿戴式裝置",,
3312,弘憶股,電子通路業,TWSE,"IC零組件通路商, 電子通路",,
3313,斐成,其他業,TPEX,"住宅建設, 地產, 建材, 營建, 營造工程",,
3317,尼克森,半導體業,TPEX,"分離式元件, 電晶體",,
3321,同泰,電子零組件業,TWSE,"印刷電路板相關, 軟板",,
3322,建舜電,電子零組件業,TPEX,"連接器, 連接線材, 電子零件元件",,
3323,加百裕,電腦及週邊設備業,TPEX,"消費用電池, 電池",,
3324,雙鴻,其他電子業,TPEX,"伺服器用散熱模組, 散熱模組, 筆記型電腦用散熱模組",,
3325,旭品,電腦及週邊設備業,TPEX,"機殼, 電子零件元件",,
3332,幸康,電子零組件業,TPEX,"電子零件元件, 電源供應器",,
3338,泰碩,電子零組件業,TWSE,"伺服器用散熱模組, 散熱模組, 筆記型電腦用散熱模組",,
3339,泰谷,光電業,TPEX,"LED, LED晶粒, LED磊晶",,
3346,麗清,汽車工業,TWSE,"LED, LED封裝",,
3349,寶德,電腦及週邊設備業,TPEX,"滑鼠, 耳機, 週邊產品, 鍵盤, 電競週邊, 電聲產品",,
3354,律勝,電子零組件業,TPEX,"印刷電路板相關, 軟板基板",,
3356,奇偶,光電業,TWSE,"安全監控, 工業電腦",,
3357,臺慶科,電子零組件業,TPEX,"被動元件, 變壓器, 電子零件元件, 電感",,
3360,尚立,電子通路業,TPEX,"IC零組件通路商, 影像感測元件, 數位相機, 電子通路",,
3362,先進光,光電業,TPEX,"光學元件, 光學鏡片／頭",,
3363,上詮,通信網路業,TPEX,"光纖被動元件, 光通訊",,
3372,典範,半導體業,TPEX,"IC封裝, IC封裝測試, IC測試",,
3373,熱映,其他電子業,TPEX,"儀表, 產業機械, 設備儀器商, 診斷與監測用醫材, 量測儀器, 體溫計",,
3374,精材,半導體業,TPEX,"IC封裝, IC封裝測試, IC測試",,
3376,新日興,電子零組件業,TWSE,"樞紐, 模具沖壓, 電子零件元件",,
3379,彬台,電機機械,TPEX,"烘焙及食品飲料機械, 產業機械",,
3380,明泰,通信網路業,TWSE,"區域網路, 無線網路設備系統(WLAN), 網通設備",,
3388,崇越電,電子零組件業,TPEX,"化學工業, 化學產品通路",,
3390,旭軟,電子零組件業,TPEX,"印刷電路板相關, 軟板",,
3402,漢科,其他電子業,TPEX,"半導體製程設備, 廠務工程, 設備儀器商, 電子其他",,
3406,玉晶光,光電業,TWSE,"LED, LED照明產品, 光學元件, 光學鏡片／頭",,
3413,京鼎,半導體業,TWSE,"半導體製程設備, 設備儀器商",,
3416,融程電,電腦及週邊設備業,TWSE,工業電腦,,
3419,譁裕,通信網路業,TWSE,"光纖被動元件, 光通訊, 天線, 網通設備",,
3426,台興,電機機械,TPEX,"電力設備, 電子元件代理商, 電子通路, 電氣零件與設備",,
3430,奇鈦科,化學工業,TPEX,"其他化工產品, 化學工業",,
3432,台端,電子零組件業,TWSE,"車輛整車, 連接器, 電動機車, 電子零件元件",,
3434,哲固,光電業,TPEX,"安全監控, 工業電腦, 顯示器",,
3437,榮創,光電業,TWSE,"LED, LED封裝",,
3438,類比科,半導體業,TPEX,"IC設計, MCU, 電源管理IC",,
3441,聯一光,光電業,TPEX,"傳產其他, 光學, 光學元件, 光學鏡片／頭",,
3443,創意,半導體業,TWSE,"ASIC, IC設計, 設計IP",,
3444,利機,電子通路業,TPEX,"半導體材料通路商, 電子元件代理商, 電子通路",,
3447,展達,通信網路業,TWSE,"接取設備, 消費性電子產品, 物聯網裝置, 網通設備, 視訊轉換相關",,
3450,聯鈞,半導體業,TWSE,"IC封裝, IC封裝測試, IC測試",,
3455,由田,光電業,TPEX,"IC檢測設備, PCB相關設備, 半導體製程設備, 設備儀器商, 面板設備",,
3465,進泰電子,其他電子業,TPEX,"電子零件元件, 音響設備及零件",,
3466,德晉,通信網路業,TPEX,"消費性電子產品, 視訊轉換相關",,
3467,台灣精材,半導體業,TPEX,"半導體製程設備, 石英元件, 被動元件, 設備儀器商",,
3479,安勤,電腦及週邊設備業,TPEX,工業電腦,,
3481,群創,光電業,TWSE,"OLED, TFT-LCD, 中小尺吋面板, 觸控面板, 面板業",,
3483,力致,電腦及週邊設備業,TPEX,"伺服器用散熱模組, 散熱模組, 散熱風扇馬達, 筆記型電腦用散熱模組",,
3484,崧騰,電子零組件業,TPEX,"其他電子零件, 電子零件元件",,
3489,森寶,建材營造業,TPEX,"住宅建設, 營造工程",,
3490,單井,光電業,TPEX,"LED設備, 半導體製程設備, 太陽能, 太陽能系統運用, 封測用設備, 設備儀器商",,
3491,昇達科,通信網路業,TPEX,"天線, 網通設備, 通訊設備零組件",,
3492,長盛,電子零組件業,TPEX,"連接器, 連接線材, 電子零件元件",,
3494,誠研,電腦及週邊設備業,TWSE,"印表機, 印表機耗材, 週邊產品",,
3498,陽程,其他電子業,TPEX,"PCB相關設備, 產業機械, 自動化設備, 設備儀器商, 面板設備",,
3499,環天科,通信網路業,TPEX,"網通設備, 衛星導航",,
3501,維熹,電子零組件業,TWSE,"連接線材, 電子零件元件",,
3504,揚明光,光電業,TWSE,"3D印表機, 光學元件, 光學鏡片／頭, 微投影機, 消費性電子產品, 週邊產品",,
3508,位速,其他電子業,TPEX,"機殼表面處理, 電子零件元件",,
3511,矽瑪,電子零組件業,TPEX,"連接器, 電子零件元件",,
3512,皇龍,建材營造業,TPEX,"地產, 散熱模組, 營建",,
3515,華擎,電腦及週邊設備業,TWSE,"主機板, 電腦系統業",,
3516,亞帝歐,光電業,TPEX,"LED, LED照明產品, 連接線材, 電子零件元件",,
3518,柏騰,其他電子業,TWSE,"機殼表面處理, 電子零件元件",,
3520,華盈,電子零組件業,TPEX,"連接線材, 電子製造服務, 電子零件元件, 電腦系統業",,
3521,台鋼建設,建材營造業,TPEX,"POS機系統, 地產, 工業電腦, 營建",,
3522,御嵿,觀光餐旅,TPEX,"婚宴顧問, 旅宿／餐飲, 服務業, 餐飲",,
3523,迎輝,光電業,TPEX,"光學膜, 面板零組件",,
3526,凡甲,電子零組件業,TPEX,"連接器, 電子零件元件",,
3527,聚積,半導體業,TPEX,"IC設計, LED驅動IC, 類比IC",,
3528,安馳,電子通路業,TWSE,"IC零組件通路商, 電子通路",,
3529,力旺,半導體業,TPEX,"FLASH記憶體IC, IC設計, 嵌入式晶片, 設計IP",,
3530,晶相光,半導體業,TWSE,"CMOS晶片, IC設計",,
3531,先益,光電業,TPEX,"背光模組, 面板零組件",,
3532,台勝科,半導體業,TWSE,"IC製造, 矽晶圓",,
3533,嘉澤,電子零組件業,TWSE,"CPU SOCKET, 電子零件元件",,
3535,晶彩科,光電業,TWSE,"設備儀器商, 面板設備",,
3537,堡達,電子零組件業,TPEX,"被動元件, 電子元件代理商, 電子通路, 電容, 電感, 電阻",,
3540,曜越,電腦及週邊設備業,TPEX,"散熱模組, 機殼, 電子零件元件, 電源供應器",,
3541,西柏,其他電子業,TPEX,"消費性電子產品, 視訊轉換相關",,
3543,州巧,光電業,TWSE,"家居用品, 模具沖壓, 電子零件元件",,
3545,敦泰,半導體業,TWSE,"IC設計, LCD驅動IC, 手機零組件, 手機面板驅動IC, 生物辨識IC, 觸控IC",,
3546,宇峻,文化創意業,TPEX,"PC遊戲, 手機遊戲, 遊戲產業",,
3548,兆利,電子零組件業,TPEX,"樞紐, 電子零件元件",,
3550,聯穎,電子零組件業,TWSE,"連接線材, 電子零件元件",,
3551,世禾,綠能環保,TPEX,"半導體製程設備, 設備儀器商",,
3552,同致,其他電子業,TPEX,"倒車影像系統, 倒車雷達, 車用電子",,
3555,博士旺,半導體業,TPEX,"IC零組件通路商, 資訊安全, 軟體業, 電子通路",,
3556,禾瑞亞,半導體業,TPEX,"IC設計, 影音IC, 消費性IC, 觸控IC",,
3557,嘉威,居家生活,TWSE,"家居用品, 餐具",,
3558,神準,通信網路業,TPEX,"區域網路, 接取設備, 網路交換器, 網通設備",,
3563,牧德,光電業,TWSE,"IC檢測設備, PCB相關設備, 封測用設備, 設備儀器商",,
3564,其陽,通信網路業,TPEX,"網通設備, 資安設備",,
3567,逸昌,半導體業,TPEX,"IC封裝測試, IC測試",,
3570,大塚,資訊服務業,TPEX,"套裝軟體, 系統整合, 軟體業, 軟體通路／代理",,
3576,聯合再生,光電業,TWSE,"太陽能, 太陽能系統運用, 太陽能電池, 太陽能電池模組",,
3577,泓格,電腦及週邊設備業,TPEX,工業電腦,,
3580,友威科,其他電子業,TPEX,"半導體製程設備, 設備儀器商",,
3581,博磊,半導體業,TPEX,"封測服務與材料, 封測用設備, 設備儀器商",,
3583,辛耘,半導體業,TWSE,"IC製造, 半導體製程設備, 矽晶圓, 設備儀器商",,
3587,閎康,其他電子業,TPEX,"檢測驗證服務, 設備儀器商",,
3588,通嘉,半導體業,TWSE,"IC設計, LED驅動IC, 電源管理IC",,
3591,艾笛森,光電業,TWSE,"LED, LED封裝, LED照明產品",,
3592,瑞鼎,半導體業,TWSE,"IC設計, LCD驅動IC, 手機零組件, 手機面板驅動IC",,
3593,力銘,電子零組件業,TWSE,"塑膠射出, 機殼, 電子零件元件",,
3594,磐儀,電腦及週邊設備業,TPEX,工業電腦,,
3596,智易,通信網路業,TWSE,"4G通訊設備, 5G通訊設備, 消費性電子產品, 無線網路設備系統(WLAN), 網通設備, 視訊轉換相關",,
3597,映興,電子零組件業,TPEX,"連接線材, 電子元件代理商, 電子通路, 電子零件元件",,
3605,宏致,電子零組件業,TWSE,"其他電子零件, 連接器, 連接線材, 電子零件元件",,
3607,谷崧,電子零組件業,TWSE,"塑膠射出, 機殼, 電子零件元件",,
3609,三一東林,電子零組件業,TPEX,"其他電子零件, 汽車服務相關, 汽車銷售, 電子零件元件",,
3611,鼎翰,電腦及週邊設備業,TPEX,"印表機, 印表機耗材, 週邊產品",,
3615,安可,光電業,TPEX,"合成橡膠, 導電玻璃, 橡膠工業, 面板零組件",,
3617,碩天,其他電子業,TWSE,"UPS, 週邊產品, 電子零件元件",,
3622,洋華,光電業,TWSE,"觸控面板, 電線電纜, 電纜連接件及配件, 面板業",,
3623,富晶通,光電業,TPEX,"觸控面板, 面板業",,
3624,光頡,電子零組件業,TPEX,"晶片電阻, 被動元件, 電阻",,
3625,西勝,電腦及週邊設備業,TPEX,"工業用電池, 消費用電池, 電池",,
3628,盈正,其他電子業,TPEX,"UPS, 配電工程, 電力設備, 電子零件元件",,
3629,地心引力,文化創意業,TPEX,"傳播事業, 行銷",,
3630,新鉅科,光電業,TPEX,"光學元件, 光學鏡片／頭",,
3631,晟楠,電子零組件業,TPEX,"封測服務與材料, 金、錫凸塊",,
3632,研勤,通信網路業,TPEX,"旅宿／餐飲, 行車紀錄器, 車用電子, 餐飲",,
3645,達邁,電子零組件業,TWSE,"印刷電路板相關, 軟板PI",,
3646,艾恩特,電子零組件業,TPEX,"連接器, 連接線材, 電子零件元件",,
3652,精聯,電腦及週邊設備業,TWSE,"工業電腦, 掌上型工業電腦, 條碼掃描器, 自動資料收集產品",,
3653,健策,電子零組件業,TWSE,"其他散熱零件, 封測服務與材料, 導線架, 散熱模組",,
3661,世芯-KY,半導體業,TWSE,"ASIC, IC設計, 設計IP",,
3663,鑫科,其他電子業,TPEX,"IC製造, 傳產其他, 其他半導體耗材, 回收焚化／掩埋清運",,
3664,安瑞-KY,通信網路業,TPEX,"系統整合, 網通設備, 資安設備, 資訊安全, 軟體業",,
3665,貿聯-KY,其他電子業,TWSE,"連接器, 連接線材, 電子線, 電子零件元件, 電線電纜",,
3666,光耀,光電業,TPEX,"光學膜, 面板零組件",,
3669,圓展,通信網路業,TWSE,"消費性電子產品, 視訊會議產品",,
3672,康聯訊,通信網路業,TPEX,"光纖設備, 光通訊",,
3673,TPK-KY,光電業,TWSE,"導電玻璃, 觸控面板, 面板業, 面板零組件",,
3675,德微,半導體業,TPEX,"IC製造, 二極體, 分離式元件, 矽晶圓, 電晶體",,
3679,新至陞,電子零組件業,TWSE,"塑膠射出, 機殼, 電子零件元件",,
3680,家登,半導體業,TPEX,"半導體製程設備, 設備儀器商",,
3684,榮昌,通信網路業,TPEX,"無線網路設備系統(WLAN), 網通設備, 連接線材, 電子零件元件",,
3685,元創精密,電機機械,TPEX,汽機車零組件,,
3686,達能,半導體業,TWSE,"IC零組件通路商, 太陽能, 太陽能系統運用, 電子通路",,
3687,歐買尬,數位雲端,TPEX,"PC遊戲, 手機遊戲, 文化創意產業, 軟體業, 遊戲產業, 電子支付",,
3689,湧德,電子零組件業,TPEX,"連接器, 電子零件元件",,
3691,碩禾,光電業,TPEX,"太陽能, 太陽能導電漿",,
3693,營邦,電腦及週邊設備業,TPEX,"伺服器機殼, 準系統, 電子零件元件, 電腦系統業",,
3694,海華,通信網路業,TWSE,"光學元件, 光學鏡片／頭, 網通設備, 通訊設備零組件",,
3701,大眾控,電腦及週邊設備業,TWSE,"工業電腦, 平板電腦, 控股公司, 消費性電子產品, 車用電子, 電子製造服務, 電腦系統業",,
3702,大聯大,電子通路業,TWSE,"IC零組件通路商, 控股公司, 電子通路",,
3703,欣陸,建材營造業,TWSE,"住宅建設, 地產, 基礎建設, 控股公司, 營建, 營造工程, 環保工程",,
3704,合勤控,通信網路業,TWSE,"光纖設備, 光通訊, 區域網路, 接取設備, 控股公司, 無線網路設備系統(WLAN), 網通設備, 電信設備",,
3705,永信,生技醫療業,TWSE,"動物用藥, 學名藥, 控股公司, 生物科技, 西藥製劑, 醫藥產業, 食品生技",,
3706,神達,電腦及週邊設備業,TWSE,"AI伺服器, 伺服器, 工業電腦, 控股公司, 網通設備, 行車紀錄器, 衛星導航, 車用電子, 電腦系統業",,
3707,漢磊,半導體業,TPEX,"IC製造, 晶圓代工, 磊晶",,
3708,上緯投控,綠能環保,TWSE,"傳產其他, 化學工業, 合成樹脂, 複合材料",,
3709,鑫聯大投控,電腦及週邊設備業,TPEX,"控股公司, 電子通路, 電腦通路商",,
3710,連展投控,電子零組件業,TPEX,"光纖主動元件, 光纖被動元件, 光通訊, 天線, 控股公司, 網通設備, 車用充電相關, 連接器, 連接線材, 電力設備, 電子零件元件",,
3711,日月光投控,半導體業,TWSE,"IC封裝, IC封裝測試, IC測試, 電子製造服務, 電腦系統業",,
3712,永崴投控,電腦及週邊設備業,TWSE,控股公司,,
3713,新晶投控,綠能環保,TPEX,"太陽能, 太陽能發電, 太陽能系統運用, 太陽能電池模組, 電力",,
3714,富采,光電業,TWSE,"LED, LED封裝, LED晶粒, LED照明產品, LED磊晶, 控股公司",,
3715,定穎投控,電子零組件業,TWSE,"印刷電路板, 印刷電路板相關, 控股公司",,
3716,中化控股,生技醫療業,TWSE,"學名藥, 西藥製劑, 醫療器材通路, 醫藥流通, 醫藥產業",,
3717,聯嘉投控,汽車工業,TWSE,"LED, LED封裝",,
4102,永日,生技醫療業,TPEX,"原料藥, 生技特用化學品, 生物科技, 醫藥產業",,
4104,佳醫,生技醫療業,TWSE,"其他醫療器材, 手術與治療用醫材, 洗腎器具, 醫療器材通路, 醫療服務, 醫療管理服務, 醫療耗材, 醫藥流通",,
4105,東洋,生技醫療業,TPEX,"學名藥, 西藥製劑, 醫藥產業",,
4106,雃博,生技醫療業,TWSE,"呼吸與麻醉用器具, 手術與治療用醫材, 物理治療器具, 福祉輔助設備, 輔助與彌補用醫材",,
4107,邦特,生技醫療業,TPEX,"其他醫療器材, 手術與治療用醫材, 洗腎器具, 醫療耗材",,
4108,懷特,生技醫療業,TWSE,"中藥製劑, 新藥研發, 植物新藥, 生物科技, 醫藥產業, 食品生技",,
4109,加捷生醫,生技醫療業,TPEX,"保險經紀, 生物科技, 金融業, 食品生技",,
4111,濟生,生技醫療業,TPEX,"學名藥, 西藥製劑, 醫藥產業",,
4113,聯上,建材營造業,TPEX,"地產, 營建",,
4114,健喬,生技醫療業,TPEX,"學名藥, 生物科技, 藥品通路, 西藥製劑, 醫藥流通, 醫藥產業, 食品生技",,
4116,明基醫,生技醫療業,TPEX,"其他醫療器材, 牙科植入器材, 診斷與監測用醫材, 輔助與彌補用醫材, 醫學影像裝置, 醫用家具, 醫療管理服務, 醫療耗材",,
4119,旭富,生技醫療業,TWSE,"原料藥, 醫藥產業",,
4120,友華,生技醫療業,TPEX,"學名藥, 生物科技, 西藥製劑, 醫藥流通, 醫藥產業, 食品生技",,
4121,優盛,生技醫療業,TPEX,"生理檢測器材, 血壓計, 血糖儀, 診斷與監測用醫材, 醫藥流通, 體外診斷用醫材, 體溫計",,
4123,晟德,生技醫療業,TPEX,"學名藥, 生物科技, 西藥製劑, 醫藥產業, 食品生技",,
4126,太醫,生技醫療業,TPEX,"其他醫療器材, 醫療耗材",,
4127,天良,生技醫療業,TPEX,"學名藥, 生物科技, 西藥製劑, 醫藥產業, 食品生技",,
4128,中天,生技醫療業,TPEX,"中藥製劑, 新藥研發, 植物新藥, 生物科技, 醫藥產業, 食品生技",,
4129,聯合,生技醫療業,TPEX,"人造關節, 輔助與彌補用醫材, 骨科類器材",,
4130,健亞,生技醫療業,TPEX,"學名藥, 新藥研發, 西藥製劑, 醫藥產業",,
4131,浩泰,生技醫療業,TPEX,"檢驗試劑／紙, 輔助與彌補用醫材, 隱形眼鏡, 體外診斷用醫材",,
4133,亞諾法,生技醫療業,TWSE,"檢驗試劑／紙, 生物製劑, 醫藥產業, 體外診斷用醫材",,
4137,麗豐-KY,生技醫療業,TWSE,"時尚產業, 美妝保養品, 美容",,
4138,曜亞,生技醫療業,TPEX,"動力手術器具, 手術與治療用醫材, 醫療器材通路, 醫藥流通",,
4139,馬光-KY,生技醫療業,TPEX,"醫療服務, 醫療管理服務",,
4142,國光生,生技醫療業,TWSE,"生物製劑, 醫藥產業",,
4147,中裕,生技醫療業,TPEX,"新藥研發, 生物製劑, 醫藥產業",,
4148,全宇生技-KY,生技醫療業,TWSE,"化學工業, 生物科技, 肥料, 農業生技",,
4153,鈺緯,生技醫療業,TPEX,"LCD顯示器, 智慧醫療技術, 診斷與監測用醫材, 醫學影像裝置, 顯示器, 顯示器零件",,
4154,樂威科-KY,其他業,TPEX,"傳產其他, 金屬加工／製品",,
4155,訊映,生技醫療業,TWSE,"血糖儀, 體外診斷用醫材",,
4157,太景*-KY,生技醫療業,TPEX,"新藥研發, 西藥製劑, 醫藥產業",,
4160,訊聯基因,生技醫療業,TPEX,"智慧醫療技術, 生技服務, 生物科技, 醫療服務, 醫療管理服務",,
4161,聿新科,生技醫療業,TPEX,"時尚產業, 生物科技, 生理檢測器材, 美妝保養品, 血糖儀, 診斷與監測用醫材, 食品生技, 體外診斷用醫材",,
4162,智擎,生技醫療業,TPEX,"新藥研發, 西藥製劑, 醫藥產業",,
4163,鐿鈦,生技醫療業,TPEX,"傳產其他, 其他醫療器材, 金屬加工／製品",,
4164,承業醫,生技醫療業,TWSE,"醫療器材通路, 醫療服務, 醫療管理服務, 醫藥流通",,
4166,友霖,生技醫療業,TPEX,"學名藥, 新藥研發, 西藥製劑, 醫藥產業",,
4167,松瑞藥,生技醫療業,TPEX,"原料藥, 西藥製劑, 醫藥產業",,
4168,醣聯,生技醫療業,TPEX,"新藥研發, 生物製劑, 醫藥產業, 醫藥研發外包服務",,
4169,泰宗,生技醫療業,TWSE,"新藥研發, 植物新藥, 生物科技, 醫療器材通路, 醫藥流通, 醫藥產業, 食品生技",,
4171,瑞基,農業科技業,TPEX,"檢驗試劑／紙, 生物科技, 農業生技, 體外診斷用醫材",,
4173,久裕,生技醫療業,TPEX,醫藥流通,,
4174,浩鼎,生技醫療業,TPEX,"新藥研發, 生物製劑, 醫藥產業",,
4175,杏一,生技醫療業,TPEX,"醫療器材通路, 醫藥流通",,
4183,福永生技,生技醫療業,TPEX,"血糖儀, 體外診斷用醫材",,
4188,安克,生技醫療業,TPEX,智慧醫療技術,,
4190,佐登-KY,生技醫療業,TWSE,"時尚產業, 美妝保養品, 美容",,
4192,杏國,生技醫療業,TPEX,"新藥研發, 植物新藥, 生物科技, 醫藥產業, 食品生技",,
4198,欣大健康,生技醫療業,TPEX,"診斷與監測用醫材, 醫學影像裝置",,
4205,中華食,食品工業,TPEX,食品加工,,
4207,環泰,食品工業,TPEX,"大宗物資, 製糖, 食品加工, 食品添加劑",,
4303,信立,塑膠工業,TPEX,"塑化製品, 塑膠皮布",,
4304,勝昱,塑膠工業,TPEX,"其他電子零件, 化學工業, 塑化製品, 塑膠加工, 膠帶, 電子零件元件",,
4305,世坤,塑膠工業,TPEX,"塑化製品, 塑膠皮布",,
4306,炎洲,塑膠工業,TWSE,"化學工業, 塑化製品, 塑膠加工, 膠帶",,
4401,東隆興,紡織纖維,TPEX,"化學纖維, 尼龍絲, 紡紗, 聚酯紗",,
4402,郡都開發,紡織纖維,TPEX,"太陽能, 太陽能系統運用, 織布業",,
4406,新昕纖,紡織纖維,TPEX,"化學纖維, 聚酯加工絲",,
4413,飛寶企業,紡織纖維,TPEX,"成衣, 成衣製造, 織布業",,
4414,如興,紡織纖維,TWSE,"成衣, 成衣製造",,
4416,三圓,建材營造業,TPEX,"地產, 營建, 物業投資發展",,
4417,金洲,紡織纖維,TPEX,"工業紡織品, 魚網",,
4419,皇家美食,觀光餐旅,TPEX,"旅宿／餐飲, 餐飲",,
4420,光明,紡織纖維,TPEX,"化學纖維, 聚酯加工絲",,
4426,利勤,紡織纖維,TWSE,"傳產其他, 織布業, 鞋材",,
4430,耀億,其他業,TPEX,"化學纖維, 尼龍絲",,
4432,銘旺實,紡織纖維,TPEX,"成衣, 成衣製造",,
4433,興采,紡織纖維,TPEX,"成衣, 成衣製造, 織布業",,
4438,廣越,紡織纖維,TWSE,"成衣, 成衣製造, 紡紗, 羽絨加工",,
4439,冠星-KY,紡織纖維,TWSE,織布業,,
4440,宜新實業,紡織纖維,TWSE,"加工絲, 化學纖維, 紡紗, 聚酯紗",,
4441,振大環球,紡織纖維,TWSE,"成衣, 成衣製造",,
4442,竣邦-KY,紡織纖維,TPEX,織布業,,
4502,健信,電機機械,TPEX,"汽機車零組件, 輪圈",,
4503,金雨,電機機械,TPEX,"POS機系統, 工業電腦, 自動販賣機, 車用充電相關, 電力設備",,
4506,崇友,電機機械,TPEX,"建材, 電梯",,
4510,高鋒,電機機械,TPEX,"工具機, 銑床, 龍門機",,
4513,福裕,電機機械,TPEX,"工具機, 磨床, 車床, 龍門機",,
4523,永彰,電機機械,TPEX,"汽機車零組件, 汽車內裝, 汽車空調, 車用冷卻系統, 電力設備, 電機, 電氣開關設備",,
4526,東台,電機機械,TWSE,"印刷電路板相關, 工具機, 工具機主軸, 車床, 雷射鑽孔機、鑽頭",,
4527,方土霖,電機機械,TPEX,"產業機械, 空調製冷",,
4528,江興鍛,電機機械,TPEX,"傳動系統, 懸吊系統, 木床／車架, 汽機車零組件, 車用金屬成型, 車用鍛件",,
4529,淳紳,其他業,TPEX,"太陽能發電, 汽車製造, 車輛整車, 電力, 電動車",,
4530,宏易,觀光餐旅,TPEX,"安全氣囊, 旅宿／餐飲, 水資源, 污水處理, 汽車內裝, 餐飲",,
4532,瑞智,電機機械,TWSE,"壓縮機, 產業機械",,
4533,協易機,電機機械,TPEX,"工具機, 沖床",,
4534,慶騰,電機機械,TPEX,"傳產其他, 金屬加工／製品",,
4535,至興,電機機械,TPEX,"汽機車零組件, 汽車內裝, 汽車座椅",,
4536,拓凱,運動休閒,TWSE,"傳產其他, 碳纖維, 航天軍工, 運動產業, 運動用品",,
4538,大詠城,電機機械,TPEX,機械零組件,,
4540,全球傳動,電機機械,TWSE,"機械零組件, 滑軌",,
4541,晟田,其他業,TPEX,"半導體製程設備, 機械零組件, 航天軍工, 設備儀器商, 飛機零件／製造",,
4542,科嶠,電子零組件業,TPEX,"PCB相關設備, 半導體製程設備, 設備儀器商",,
4543,萬在,電機機械,TPEX,"汽機車零組件, 汽車內裝, 汽車空調, 車用冷卻系統",,
4545,銘鈺,電子零組件業,TWSE,"其他電子零件, 模具沖壓, 產業機械, 自動化設備, 電子零件元件",,
4549,桓達,電機機械,TPEX,"產業機械, 自動化設備",,
4550,長佳,電機機械,TPEX,"休閒娛樂, 俱樂部, 水電消防工程, 營造工程, 配電工程, 電力設備",,
4551,智伸科,汽車工業,TWSE,"傳產其他, 汽機車零組件, 產業機械, 自行車零件, 金屬加工／製品",,
4552,力達-KY,電機機械,TWSE,"壓縮機, 產業機械",,
4554,橙的,其他電子業,TPEX,"胎壓監測系統, 車用電子",,
4555,氣立,電機機械,TWSE,"機械零組件, 氣動元件",,
4556,旭然,其他業,TPEX,"水資源, 水資源設備／耗材",,
4557,永新-KY,汽車工業,TWSE,"剎車系統, 汽機車零組件",,
4558,寶緯,電機機械,TPEX,"建材, 金屬建材, 鋁擠型, 非鐵金屬",,
4560,強信-KY,電機機械,TWSE,"工業用縫紉機, 產業機械",,
4561,健椿,電機機械,TPEX,"工具機, 工具機主軸",,
4562,穎漢,電機機械,TWSE,"工具機, 機器人, 機器手臂",,
4563,百德,電機機械,TPEX,工具機,,
4564,元翎,電機機械,TWSE,"傳產其他, 安全氣囊, 汽車內裝, 金屬加工／製品",,
4566,時碩工業,電機機械,TWSE,"傳產其他, 汽機車零組件, 金屬加工／製品",,
4568,科際精密,電機機械,TPEX,"家電, 家電零組件, 幫浦, 產業機械",,
4569,六方科-KY,汽車工業,TWSE,"傳產其他, 汽機車零組件, 金屬加工／製品",,
4571,鈞興-KY,電機機械,TWSE,機械零組件,,
4572,駐龍,電機機械,TWSE,"機械零組件, 航天機械零組件, 航天軍工, 飛機零件／製造",,
4576,大銀微系統,電機機械,TWSE,"機械零組件, 氣動元件",,
4577,達航科技,其他電子業,TPEX,"PCB相關設備, 印刷電路板相關, 設備儀器商, 雷射鑽孔機、鑽頭, 電子製造服務, 電腦系統業",,
4580,捷流閥業,電機機械,TPEX,"工業閥門, 機械零組件",,
4581,光隆精密-KY,汽車工業,TWSE,"傳動系統, 剎車系統, 引擎相關, 汽機車零組件, 車用排氣系統, 車用金屬成型, 車用鑄件",,
4583,台灣精銳,電機機械,TWSE,"機械零組件, 減速機",,
4584,君帆,電機機械,TPEX,"機械零組件, 液壓元件",,
4585,達明,其他電子業,TWSE,"協作機器人, 機器人, 機器手臂",,
4588,玖鼎電力,其他電子業,TWSE,"儀表, 智慧電網相關, 產業機械, 電力設備",,
4590,富田-創,電機機械,TWSE,"工業馬達, 產業機械",,
4609,唐鋒,居家生活,TPEX,"家電, 小家電",,
4702,中美實,居家生活,TPEX,"化學工業, 染料，顏料, 汽車服務相關, 汽車銷售, 流通業, 貿易",,
4706,大恭,化學工業,TPEX,"化學工業, 染料，顏料",,
4707,磐亞,化學工業,TPEX,"其他化工產品, 化學工業, 衛生清潔用品",,
4711,永純,化學工業,TPEX,"化學工業, 合成樹脂",,
4714,永捷,化學工業,TPEX,"PU樹脂, 化學工業",,
4716,大立,化學工業,TPEX,"化學工業, 合成樹脂",,
4720,德淵,化學工業,TWSE,"化學工業, 熱熔膠",,
4721,美琪瑪,化學工業,TPEX,"其他化工產品, 化學工業, 化學產品通路, 正極材料, 電池材料相關",,
4722,國精化,化學工業,TWSE,"化學工業, 合成樹脂",,
4726,永昕,生技醫療業,TPEX,"醫藥產業, 醫藥研發外包服務",,
4728,雙美,生技醫療業,TPEX,"生技特用化學品, 生物科技, 輔助與彌補用醫材, 醫用植入材料",,
4729,熒茂,光電業,TPEX,"觸控面板, 面板業",,
4735,豪展,生技醫療業,TPEX,"其他醫療器材, 血壓計, 診斷與監測用醫材, 體溫計",,
4736,泰博,生技醫療業,TWSE,"檢驗試劑／紙, 生理監測裝置, 血糖儀, 診斷與監測用醫材, 體外診斷用醫材, 體溫計",,
4737,華廣,生技醫療業,TWSE,"血糖儀, 體外診斷用醫材",,
4739,康普,化學工業,TWSE,"其他化工產品, 化學工業, 強酸產品, 正極材料, 電池材料相關",,
4741,泓瀚,化學工業,TPEX,"化學工業, 染料，顏料",,
4743,合一,生技醫療業,TPEX,"新藥研發, 植物新藥, 醫藥產業",,
4744,皇將,生技醫療業,TPEX,"產業機械, 醫療保健設備／裝置",,
4745,合富-KY,生技醫療業,TPEX,"IVD檢驗儀器設備, 手術與治療用醫材, 放射治療設備, 檢驗試劑／紙, 醫療器材通路, 醫藥流通, 體外診斷用醫材",,
4746,台耀,生技醫療業,TWSE,"原料藥, 醫藥產業",,
4747,強生,生技醫療業,TPEX,"學名藥, 西藥製劑, 醫藥產業",,
4749,新應材,半導體業,TPEX,"光阻劑, 半導體化學品",,
4754,國碳科,化學工業,TPEX,"傳產其他, 化學工業, 塗料, 耐火材料",,
4755,三福化,化學工業,TWSE,"其他化工產品, 化學工業, 半導體化學品, 研磨液／墊",,
4760,勤凱,其他電子業,TPEX,"太陽能, 太陽能導電漿, 被動元件, 被動元件上游",,
4763,材料*-KY,化學工業,TWSE,"化學纖維, 半合成纖維",,
4764,雙鍵,化學工業,TWSE,"其他化工產品, 化學工業, 合成樹脂",,
4766,南寶,化學工業,TWSE,"其他化工產品, 化學工業, 合成樹脂, 塗料, 熱熔膠",,
4767,誠泰科技,化學工業,TPEX,"化學工業, 熱熔膠",,
4768,晶呈科技,化學工業,TPEX,"化學工業, 工業氣體",,
4770,上品,化學工業,TWSE,"傳產其他, 化學工業, 合成樹脂, 金屬加工／製品",,
4771,望隼,生技醫療業,TWSE,"輔助與彌補用醫材, 隱形眼鏡",,
4772,台特化,化學工業,TPEX,"化學工業, 工業氣體",,
4804,大略-KY,觀光餐旅,TPEX,"旅宿／餐飲, 飯店",,
4806,桂田文創,文化創意業,TPEX,"傳播事業, 影音娛樂, 演出經紀",,
4807,日成-KY,貿易百貨業,TWSE,"時尚產業, 珠寶",,
4903,聯光通,通信網路業,TPEX,"光纖光纜, 光通訊",,
4904,遠傳,通信網路業,TWSE,"低軌道衛星, 網通設備, 行動通訊, 通訊服務, 電信／數據服務",,
4905,台聯電,通信網路業,TPEX,"其他化工產品, 其他醫療器材, 化學工業, 接取設備, 網通設備, 醫療耗材",,
4906,正文,通信網路業,TWSE,"無線網路設備系統(WLAN), 網通設備",,
4907,富宇,建材營造業,TPEX,"園林造景, 地產, 營建, 營造工程",,
4908,前鼎,通信網路業,TPEX,"光纖主動元件, 光通訊",,
4909,新復興,通信網路業,TPEX,"印刷電路板, 印刷電路板相關",,
4911,德英,生技醫療業,TPEX,"新藥研發, 植物新藥, 生物科技, 醫藥產業, 食品生技",,
4912,聯德控股-KY,電子零組件業,TWSE,"模具沖壓, 車用沖壓件, 車用金屬成型, 電子零件元件",,
4915,致伸,電子零組件業,TWSE,"車用電子, 週邊產品, 電競週邊, 電聲產品",,
4916,事欣科,電腦及週邊設備業,TWSE,"博奕機台, 工業電腦, 航天機械零組件, 航天軍工",,
4919,新唐,半導體業,TWSE,"CMOS晶片, IC生產, IC製造, IC設計, IO控制IC, MCU, PC週邊IC, 影音IC, 消費性IC, 類比IC",,
4923,力士,半導體業,TPEX,"分離式元件, 電晶體",,
4924,欣厚-KY,電腦及週邊設備業,TPEX,"塑膠射出, 環保生技, 生物科技, 電子零件元件",,
4927,泰鼎-KY,電子零組件業,TWSE,"印刷電路板, 印刷電路板相關",,
4930,燦星網,電器電纜,TWSE,"家電, 小家電",,
4931,新盛力,電腦及週邊設備業,TPEX,"工業用電池, 車用鋰電池, 電池",,
4933,友輝,光電業,TPEX,"光學膜, 面板零組件",,
4934,太極,光電業,TWSE,"太陽能, 太陽能電池, 太陽能電池模組",,
4935,茂林-KY,光電業,TWSE,"模具沖壓, 電子零件元件, 面板零組件",,
4938,和碩,電腦及週邊設備業,TWSE,"AI伺服器, 主機板, 伺服器, 平板電腦, 手機, 手機製造, 桌上型電腦, 消費性電子產品, 穿戴式裝置, 筆記型電腦製造, 網通設備, 視訊轉換相關, 車用電子, 遊戲機, 遊戲產業, 電子製造服務, 電腦系統業",,
4939,亞電,電子零組件業,TPEX,"印刷電路板相關, 軟板基板",,
4942,嘉彰,光電業,TWSE,"模具沖壓, 電子零件元件",,
4943,康控-KY,電子零組件業,TWSE,"控股公司, 汽機車零組件, 電聲產品",,
4946,辣椒,文化創意業,TPEX,"PC遊戲, 手機遊戲, 遊戲產業",,
4949,有成精密,光電業,TWSE,"半導體製程設備, 太陽能, 太陽能電池模組, 設備儀器商",,
4950,金耘國際,鋼鐵工業,TPEX,"不鏽鋼, 合金鋼, 特殊鋼",,
4951,精拓科,半導體業,TPEX,"IC設計, IO控制IC, PC週邊IC, 嵌入式晶片, 消費性IC, 類比IC",,
4952,凌通,半導體業,TWSE,"IC設計, LCD控制IC, MCU, 影音IC, 消費性IC, 無線充電, 車用電子, 電子零件元件",,
4953,緯軟,資訊服務業,TPEX,"INTERNET技術與基礎設施, 軟體業, 雲端科技",,
4956,光鋐,光電業,TWSE,"LED, LED晶粒, LED磊晶",,
4958,臻鼎-KY,電子零組件業,TWSE,"ABF載板, BGA基板, 印刷電路板, 印刷電路板相關, 封測服務與材料, 軟板",,
4960,誠美材,光電業,TWSE,"偏光板, 面板零組件",,
4961,天鈺,半導體業,TWSE,"IC設計, LCD驅動IC, 手機零組件, 手機面板驅動IC, 類比IC",,
4966,譜瑞-KY,半導體業,TPEX,"DISPLAYPORT, IC設計, LCD控制IC, LCD驅動IC, USB IC, 傳輸介面, 觸控IC, 高速傳輸介面IC",,
4967,十銓,半導體業,TWSE,"DRAM模組, FLASH模組, 記憶體模組, 電子零件元件",,
4968,立積,半導體業,TWSE,"功率放大器, 射頻前端晶片, 射頻前端模組, 射頻開關",,
4971,IET-KY,半導體業,TPEX,"IC製造, 光通訊元件磊晶, 砷化鎵相關",,
4972,湯石照明,光電業,TPEX,"LED, LED照明產品, 家電, 照明",,
4973,廣穎,半導體業,TPEX,"DRAM模組, FLASH模組, 記憶體模組, 電子零件元件",,
4974,亞泰,電子零組件業,TPEX,"影像感測元件, 數位相機",,
4976,佳凌,光電業,TWSE,"光學元件, 光學鏡片／頭, 數位相機, 數位相機組裝",,
4977,眾達-KY,通信網路業,TWSE,"光纖主動元件, 光通訊",,
4979,華星光,通信網路業,TPEX,"光纖主動元件, 光通訊",,
4987,科誠,電腦及週邊設備業,TPEX,"印表機, 週邊產品",,
4989,榮科,電子零組件業,TWSE,"印刷電路板相關, 銅箔",,
4991,環宇-KY,半導體業,TPEX,"IC製造, 化合物晶圓, 砷化鎵相關",,
4994,傳奇,資訊服務業,TWSE,"PC遊戲, 手機遊戲, 遊戲產業",,
4995,晶達,光電業,TPEX,"LCD顯示器, LCM, 面板業, 顯示器",,
4999,鑫禾,電子零組件業,TWSE,"樞紐, 電子零件元件",,
5007,三星,鋼鐵工業,TWSE,"線材盤元, 螺絲螺帽",,
5009,榮剛,鋼鐵工業,TPEX,"不鏽鋼, 合金鋼, 工具鋼, 特殊鋼",,
5011,久陽,鋼鐵工業,TPEX,"線材盤元, 螺絲螺帽",,
5013,強新,鋼鐵工業,TPEX,"不鏽鋼, 不鏽鋼管, 不鏽鋼線材, 線材盤元",,
5014,建錩,鋼鐵工業,TPEX,"不鏽鋼, 不鏽鋼剪裁加工",,
5015,華祺,鋼鐵工業,TPEX,"不鏽鋼, 不鏽鋼緊固件, 不鏽鋼線材",,
5016,松和,鋼鐵工業,TPEX,"條鋼, 棒鋼, 線材盤元",,
5201,凱衛,資訊服務業,TPEX,"系統整合, 軟體業",,
5202,力新,資訊服務業,TPEX,"套裝軟體, 軟體業, 醫療器材通路, 醫藥流通",,
5203,訊連,資訊服務業,TWSE,"INTERNET技術與基礎設施, 人臉辨識, 套裝軟體, 應用軟體, 生物辨識相關, 軟體業, 雲端科技",,
5205,中茂,綠能環保,TPEX,"傳產其他, 回收焚化／掩埋清運, 水資源, 污水處理",,
5206,坤悅,建材營造業,TPEX,"地產, 營建",,
5209,新鼎,其他業,TPEX,"INTERNET技術與基礎設施, 系統整合, 軟體業, 雲端科技",,
5210,寶碩,資訊服務業,TPEX,"系統整合, 軟體業",,
5211,蒙恬,資訊服務業,TPEX,"手寫板, 掃瞄器, 虛擬實境, 軟體業, 週邊產品",,
5212,凌網,資訊服務業,TPEX,"消費性電子產品, 系統整合, 軟體業, 電子書閱讀器",,
5213,亞昕,建材營造業,TPEX,"地產, 營建",,
5215,科嘉-KY,電腦及週邊設備業,TWSE,"週邊產品, 鍵盤",,
5220,萬達光電,光電業,TPEX,"觸控面板, 面板業",,
5222,全訊,半導體業,TWSE,"IC製造, 功率放大器, 射頻前端晶片, 砷化鎵相關",,
5223,安力-KY,電腦及週邊設備業,TPEX,"模具沖壓, 電子零件元件",,
5225,東科-KY,其他電子業,TWSE,"電子零件元件, 音響設備及零件",,
5227,立凱-KY,電子零組件業,TPEX,"正極材料, 電池材料相關",,
5228,鈺鎧,電子零組件業,TPEX,"被動元件, 電感",,
5230,雷笛克光學,光電業,TPEX,"LED, LED照明產品, 模具沖壓, 電子零件元件",,
5234,達興材料,光電業,TWSE,"光阻劑, 半導體化學品",,
5236,凌陽創新,半導體業,TPEX,"IC設計, MCU, PC週邊IC, 影音IC",,
5243,乙盛-KY,光電業,TWSE,"模具沖壓, 車用沖壓件, 車用金屬成型, 電子零件元件",,
5244,弘凱,光電業,TWSE,"LED, LED封裝",,
5245,智晶,光電業,TPEX,"OLED, 面板業",,
5251,天鉞電,光電業,TPEX,"安全監控, 家居用品, 工業電腦, 鎖",,
5258,虹堡,電腦及週邊設備業,TWSE,"POS機系統, 工業電腦",,
5263,智崴,文化創意業,TPEX,"商用遊戲機, 遊戲產業",,
5269,祥碩,半導體業,TWSE,"IC設計, USB IC, 高速傳輸介面IC",,
5272,笙科,半導體業,TPEX,"IC設計, 無線網路IC",,
5274,信驊,半導體業,TPEX,"IC設計, 其他IC, 影音IC",,
5276,達輝-KY,其他業,TPEX,"傳產其他, 嬰童用品, 機車零組件, 汽機車零組件, 車燈",,
5278,尚凡*,數位雲端,TPEX,"INTERNET應用與服務, 社群網站與媒體",,
5283,禾聯碩,電器電纜,TWSE,"LCD顯示器, 冷氣機, 家電, 顯示器",,
5284,jpp-KY,其他業,TWSE,"模具沖壓, 電子零件元件",,
5285,界霖,半導體業,TWSE,"封測服務與材料, 導線架",,
5287,數字,數位雲端,TPEX,"INTERNET應用與服務, 電商平台",,
5288,豐祥-KY,電機機械,TWSE,"木床／車架, 機車零組件, 汽機車零組件, 車用沖壓件, 車用金屬成型",,
5289,宜鼎,電腦及週邊設備業,TPEX,"DRAM模組, FLASH模組, 硬碟相關, 記憶體模組, 週邊產品, 電子零件元件",,
5291,邑昇,電子零組件業,TPEX,"印刷電路板, 印刷電路板相關, 產業機械, 自行車零件",,
5292,華懋,綠能環保,TWSE,"污染控制設備, 營造工程, 環保工程, 產業機械",,
5299,杰力,半導體業,TPEX,"IC設計, 分離式元件, 電晶體, 類比IC",,
5301,寶得利,觀光餐旅,TPEX,"旅宿／餐飲, 時尚產業, 珠寶, 餐飲",,
5302,太欣,半導體業,TPEX,"DSP, IC設計, MCU, 影音IC, 消費性IC",,
5306,桂盟,運動休閒,TWSE,"引擎相關, 汽機車零組件, 產業機械, 自行車零件",,
5309,系統電,電子零組件業,TPEX,"UPS, 工業用電池, 胎壓監測系統, 車用鋰電池, 車用電子, 電子零件元件, 電池, 電源供應器",,
5310,天剛,資訊服務業,TPEX,"其他化工產品, 化學工業, 手機遊戲, 系統整合, 軟體業, 遊戲產業",,
5312,寶島科,生技醫療業,TPEX,"傳產其他, 眼鏡業",,
5314,世紀*,其他業,TPEX,"生物科技, 食品生技",,
5315,光聯,光電業,TPEX,"LCM, 面板業",,
5321,美而快,數位雲端,TPEX,"INTERNET應用與服務, 成衣, 成衣銷售／零售, 電商平台",,
5324,士開,建材營造業,TPEX,"地產, 旅宿／餐飲, 營建, 飯店",,
5328,華容,電子零組件業,TPEX,"塑膠薄膜電容, 被動元件",,
5340,建榮,電子零組件業,TPEX,"印刷電路板相關, 玻纖布",,
5344,立衛,半導體業,TPEX,"IC封裝測試, IC測試",,
5345,馥鴻,其他業,TPEX,"工業用電池, 電力設備, 電氣開關設備, 電池",,
5347,世界,半導體業,TPEX,"IC製造, 晶圓代工",,
5348,正能量智能,運動休閒,TPEX,"智慧手錶, 穿戴式裝置, 網通設備, 衛星導航",,
5351,鈺創,半導體業,TPEX,"DRAM記憶體IC, IC設計, SRAM記憶體IC, 高速傳輸介面IC",,
5353,台林,通信網路業,TPEX,"半導體製程設備, 工業電腦, 網通設備, 設備儀器商, 車用電子",,
5355,佳總,電子零組件業,TPEX,"印刷電路板, 印刷電路板相關",,
5356,協益,電腦及週邊設備業,TPEX,"其他電子零件, 週邊產品, 電子零件元件",,
5364,力麗店,觀光餐旅,TPEX,"太陽能, 太陽能電池, 旅宿／餐飲, 消費用電池, 電池, 飯店",,
5371,中光電,光電業,TPEX,"投影機, 背光模組, 面板零組件, 顯示器",,
5381,合正,電子零組件業,TPEX,"PCB材料, 印刷電路板相關, 變電設備, 電力設備",,
5386,青雲,電腦及週邊設備業,TPEX,"電子通路, 電腦通路商",,
5388,中磊,通信網路業,TWSE,"區域網路, 接取設備, 無線網路設備系統(WLAN), 網通設備",,
5392,能率,光電業,TPEX,"其他電子零件, 塑膠射出, 控股公司, 機械零組件, 汽機車零組件, 電子零件元件",,
5398,慕康生醫,其他業,TPEX,"生物科技, 醫療器材通路, 醫療服務, 醫療管理服務, 醫藥流通, 食品生技",,
5403,中菲,資訊服務業,TPEX,"系統整合, 軟體業",,
5410,國眾,資訊服務業,TPEX,"企業資源規劃, 傳產其他, 系統整合, 軟體業, 金融機具",,
5425,台半,半導體業,TPEX,"二極體, 分離式元件, 印表機, 週邊產品",,
5426,振發,電腦及週邊設備業,TPEX,"機殼, 連接器, 電子零件元件",,
5432,新門,綠能環保,TPEX,"LCM, PV INVERTER, 太陽能, 面板業",,
5434,崇越,電子通路業,TWSE,"半導體材料通路商, 營造工程, 環保工程, 電子通路",,
5438,東友,電腦及週邊設備業,TPEX,"3D印表機, 事務機器, 掃瞄器, 週邊產品, 電子其他",,
5439,高技,電子零組件業,TPEX,"印刷電路板, 印刷電路板相關",,
5443,均豪,半導體業,TPEX,"IC檢測設備, 半導體製程設備, 封測用設備, 設備儀器商, 面板設備",,
5450,南良,其他業,TPEX,紡織中游,,
5452,佶優,其他電子業,TPEX,"ABS, 半導體化學品, 塑化原料, 電子元件代理商, 電子通路",,
5455,昇益,建材營造業,TPEX,"地產, 營建",,
5457,宣德,電子零組件業,TPEX,"連接器, 連接線材, 電子製造服務, 電子零件元件, 電腦系統業",,
5460,同協,電子零組件業,TPEX,"模具沖壓, 電子零件元件",,
5464,霖宏,電子零組件業,TPEX,"印刷電路板, 印刷電路板相關",,
5465,富驊,電腦及週邊設備業,TPEX,"機殼, 電子零件元件, 電源供應器",,
5468,凱鈺,半導體業,TPEX,"IC設計, LED驅動IC, 光通訊IC, 網路通訊IC, 電池保護IC",,
5469,瀚宇博,電子零組件業,TWSE,"印刷電路板, 印刷電路板相關, 電子製造服務, 電腦系統業",,
5471,松翰,半導體業,TWSE,"DSP, IC設計, MCU, 影音IC, 消費性IC",,
5474,聰泰,電腦及週邊設備業,TPEX,"消費性電子產品, 視訊轉換相關",,
5475,德宏,電子零組件業,TPEX,"印刷電路板相關, 玻纖布",,
5478,智冠,文化創意業,TPEX,"PC遊戲, 傳播事業, 廣告, 手機遊戲, 軟體業, 遊戲產業, 電子支付",,
5481,新華,其他業,TPEX,"地產, 教育事業, 服務業, 物業投資發展",,
5483,中美晶,半導體業,TPEX,"IC製造, 太陽能, 太陽能矽晶圓, 矽晶圓",,
5484,慧友,光電業,TWSE,"安全監控, 工業電腦",,
5487,通泰,半導體業,TPEX,"IC設計, MCU, 消費性IC, 觸控IC",,
5488,松普,電子零組件業,TPEX,"連接線材, 電子零件元件",,
5489,彩富,其他電子業,TPEX,"安全監控, 工業電腦",,
5490,同亨,電腦及週邊設備業,TPEX,"POS機系統, 工業電腦",,
5493,三聯,其他電子業,TPEX,"半導體化學品, 設備儀器商, 量測儀器",,
5498,凱崴,電子零組件業,TPEX,"印刷電路板相關, 雷射鑽孔機、鑽頭, 電子製造服務, 電腦系統業",,
5508,永信建,建材營造業,TPEX,"地產, 營建",,
5511,德昌,建材營造業,TPEX,"住宅建設, 基礎建設, 營造工程",,
5512,力麒,建材營造業,TPEX,"住宅建設, 地產, 旅宿／餐飲, 水利, 水資源, 污水處理, 營建, 營造工程, 環保工程, 飯店",,
5514,三豐,建材營造業,TPEX,"地產, 營建, 物業投資發展",,
5515,建國,建材營造業,TWSE,"住宅建設, 基礎建設, 營造工程",,
5516,雙喜,建材營造業,TPEX,"住宅建設, 基礎建設, 工程顧問, 營造工程",,
5519,隆大,建材營造業,TWSE,"地產, 營建",,
5520,力泰,建材營造業,TPEX,"水泥, 預拌混凝土",,
5521,工信,建材營造業,TWSE,"基礎建設, 營造工程",,
5522,遠雄,建材營造業,TWSE,"地產, 營建",,
5523,豐謙,建材營造業,TPEX,"地產, 營建",,
5525,順天,建材營造業,TWSE,"地產, 營建, 物業投資發展",,
5529,鉅陞,建材營造業,TPEX,"地產, 營建",,
5530,龍巖,其他業,TPEX,"服務業, 殯葬服務",,
5531,鄉林,建材營造業,TWSE,"地產, 旅宿／餐飲, 營建, 飯店",,
5533,皇鼎,建材營造業,TWSE,"地產, 營建",,
5534,長虹,建材營造業,TWSE,"地產, 營建",,
5536,聖暉*,其他電子業,TPEX,"廠務工程, 水電消防工程, 營造工程, 電子其他",,
5538,東明-KY,鋼鐵工業,TWSE,"不鏽鋼, 不鏽鋼緊固件, 不鏽鋼線材",,
5543,桓鼎-KY,建材營造業,TPEX,"其他營造工程, 工業用電池, 建材, 消費用電池, 營造工程, 金屬建材, 電池",,
5546,永固-KY,建材營造業,TWSE,"水泥, 預拌混凝土",,
5547,久舜,建材營造業,TPEX,"住宅建設, 營造工程",,
5548,安倉,建材營造業,TPEX,"基礎建設, 營造工程",,
5601,台聯櫃,航運業,TPEX,"貨櫃場服務, 運輸事業",,
5603,陸海,航運業,TPEX,"其他公用事業, 加油站, 貨櫃場服務, 運輸事業, 陸運",,
5604,中連,其他業,TPEX,"地產, 物業投資發展",,
5607,遠雄港,航運業,TWSE,"地產, 控股公司, 物業投資發展, 物流業, 貨櫃場服務, 運輸事業",,
5608,四維航,航運業,TWSE,"散裝航運, 運輸事業",,
5609,中菲行,航運業,TPEX,"海空運承攬業, 運輸事業",,
5701,劍湖山,觀光餐旅,TPEX,"主題樂園, 休閒娛樂, 旅宿／餐飲, 飯店",,
5703,亞都,觀光餐旅,TPEX,"旅宿／餐飲, 飯店",,
5704,老爺知,觀光餐旅,TPEX,"旅宿／餐飲, 飯店",,
5706,鳳凰,觀光餐旅,TWSE,"休閒娛樂, 旅行社",,
5864,致和證,金融保險業,TPEX,"證券, 金融業",,
5871,中租-KY,其他業,TWSE,"控股公司, 汽車服務相關, 汽車融資, 租賃, 金融業",,
5876,上海商銀,金融保險業,TWSE,"金融業, 銀行",,
5878,台名,金融保險業,TPEX,"保險經紀, 金融業",,
5880,合庫金,金融保險業,TWSE,"壽險, 投信, 票券, 證券, 資產管理, 金控, 金融業, 銀行",,
5902,德記,居家生活,TPEX,"流通業, 貿易, 非酒精飲料, 食品飲料相關通路, 飲料相關",,
5903,全家,居家生活,TPEX,"便利商店, 流通業",,
5904,寶雅,居家生活,TPEX,"家居相關用品通路, 流通業, 藥妝零售相關",,
5905,南仁湖,觀光餐旅,TPEX,"休閒娛樂, 旅宿／餐飲, 服務業, 消費者服務, 渡假山莊",,
5906,台南-KY,貿易百貨業,TWSE,"成衣, 成衣銷售／零售, 運動產業, 運動鞋",,
5907,大洋-KY,貿易百貨業,TWSE,"流通業, 百貨業",,
6005,群益證,金融保險業,TWSE,"證券, 金融業",,
6015,宏遠證,金融保險業,TPEX,"證券, 金融業",,
6016,康和證,金融保險業,TPEX,"證券, 金融業",,
6020,大展證,金融保險業,TPEX,"證券, 金融業",,
6021,美好證,金融保險業,TPEX,"證券, 金融業",,
6023,元大期,金融保險業,TPEX,"期貨, 金融業",,
6024,群益期,金融保險業,TWSE,"期貨, 金融業",,
6026,福邦證,金融保險業,TPEX,"證券, 金融業",,
6028,公勝保經,金融保險業,TPEX,"保險經紀, 金融業",,
6101,寬魚國際,文化創意業,TPEX,"傳播事業, 影音娛樂",,
6103,合邦,半導體業,TPEX,"IC製造, IC設計, LED驅動IC, 嵌入式晶片, 影音IC, 矽晶圓",,
6104,創惟,半導體業,TPEX,"IC設計, USB IC, 集線器IC",,
6108,競國,電子零組件業,TWSE,"印刷電路板, 印刷電路板相關",,
6109,亞元,通信網路業,TPEX,"變壓器, 電子零件元件, 電源供應器",,
6111,光聚晶電,文化創意業,TPEX,控股公司,,
6112,邁達特,資訊服務業,TWSE,"系統整合, 軟體業, 軟體通路／代理",,
6113,亞矽,電子通路業,TPEX,"IC零組件通路商, 電子通路",,
6114,久威,電子零組件業,TPEX,"印刷電路板, 印刷電路板相關, 電子元件代理商, 電子通路",,
6115,鎰勝,電子零組件業,TWSE,"連接線材, 電子零件元件",,
6116,彩晶,光電業,TWSE,"TFT-LCD, 中小尺吋面板, 觸控面板, 面板業",,
6117,迎廣,電腦及週邊設備業,TWSE,"伺服器, 伺服器機殼, 機殼, 電子零件元件, 電腦系統業",,
6118,建達,電子通路業,TPEX,"電子通路, 電腦通路商",,
6120,達運,光電業,TWSE,"LCM, 背光模組, 面板業, 面板零組件",,
6121,新普,電腦及週邊設備業,TPEX,"工業用電池, 消費用電池, 電池",,
6122,擎邦,電機機械,TPEX,"基礎建設, 工程顧問, 水電消防工程, 營造工程, 配電工程, 電力設備",,
6123,上奇,資訊服務業,TPEX,"軟體業, 軟體通路／代理, 電子元件代理商, 電子通路",,
6124,業強,電子零組件業,TPEX,"散熱模組, 熱導管",,
6125,廣運,光電業,TPEX,"太陽能, 太陽能電池, 產業機械, 自動化設備, 設備儀器商",,
6126,信音,電子零組件業,TPEX,"連接器, 電子零件元件",,
6127,九豪,電子零組件業,TPEX,"被動元件, 被動元件上游",,
6128,上福,電腦及週邊設備業,TWSE,"印表機耗材, 週邊產品",,
6129,普誠,半導體業,TPEX,"IC設計, LCD驅動IC, 影音IC, 消費性IC, 無線網路IC, 類比IC",,
6130,上亞科技,生技醫療業,TPEX,"IC設計, 太陽能發電, 醫藥流通, 電力, 類比IC",,
6133,金橋,電子零組件業,TWSE,"連接線材, 電子零件元件",,
6134,萬旭,電子零組件業,TPEX,"天線, 網通設備, 連接線材, 電子零件元件",,
6136,富爾特,通信網路業,TWSE,"INTERNET應用與服務, 手機零售通路商, 電商平台, 電子元件代理商, 電子通路",,
6138,茂達,半導體業,TPEX,"IC設計, 影音IC, 電源管理IC, 馬達IC",,
6139,亞翔,其他電子業,TWSE,"廠務工程, 電子其他",,
6140,訊達,資訊服務業,TPEX,"企業資源規劃, 系統整合, 軟體業",,
6141,柏承,電子零組件業,TWSE,"印刷電路板, 印刷電路板相關",,
6142,友勁,通信網路業,TWSE,"區域網路, 網通設備",,
6143,振曜,通信網路業,TPEX,"消費性電子產品, 電子書閱讀器, 電子紙, 面板業",,
6144,得利影,文化創意業,TPEX,"文化創意產業, 旅宿／餐飲, 餐飲",,
6146,耕興,其他電子業,TPEX,"檢測驗證服務, 設備儀器商",,
6147,頎邦,半導體業,TPEX,"IC封裝, IC封裝測試, IC測試, LCD驅動IC封裝, 封測服務與材料, 金、錫凸塊",,
6148,驊宏資,資訊服務業,TPEX,"系統整合, 軟體業, 電子通路, 電腦通路商",,
6150,撼訊,電腦及週邊設備業,TPEX,"繪圖卡, 電腦系統業",,
6151,晉倫,其他電子業,TPEX,"傳產其他, 複合材料",,
6152,百一,通信網路業,TWSE,"低雜訊降頻器, 消費性電子產品, 網通設備, 視訊轉換相關",,
6153,嘉聯益,電子零組件業,TWSE,"印刷電路板相關, 軟板",,
6154,順發,電子通路業,TPEX,"3C通路商, 電子通路",,
6155,鈞寶,電子零組件業,TWSE,"被動元件, 被動元件上游, 電感",,
6156,松上,電子零組件業,TPEX,"印刷電路板, 印刷電路板相關, 變壓器, 電子零件元件",,
6158,禾昌,電子零組件業,TPEX,"連接器, 電子零件元件",,
6160,欣技,電腦及週邊設備業,TPEX,"工業電腦, 掌上型工業電腦, 自動資料收集產品",,
6161,捷波,電腦及週邊設備業,TPEX,"主機板, 工業電腦, 電腦系統業",,
6163,華電網,通信網路業,TPEX,"企業資源規劃, 系統整合, 軟體業",,
6164,華興,光電業,TWSE,"LED, LED封裝",,
6165,浪凡,數位雲端,TWSE,"INTERNET應用與服務, 直播平台",,
6166,凌華,電腦及週邊設備業,TWSE,工業電腦,,
6167,久正,光電業,TPEX,"LCM, TN／STN LCD, 面板業",,
6168,宏齊,光電業,TWSE,"LED, LED封裝",,
6169,昱泉,文化創意業,TPEX,"PC遊戲, 手機遊戲, 遊戲產業",,
6170,統振,通信網路業,TPEX,"保健食品, 手機零售通路商, 時尚產業, 美妝保養品, 金融其他, 金融業, 電子通路, 食品加工",,
6171,大城地產,建材營造業,TPEX,"地產, 營建",,
6173,信昌電,電子零組件業,TPEX,"MLCC, 晶片電阻, 被動元件, 被動元件上游",,
6174,安��,電子零組件業,TPEX,"振盪器, 濾波器, 石英元件, 被動元件",,
6175,立敦,電子零組件業,TPEX,"被動元件, 被動元件上游",,
6176,瑞儀,光電業,TWSE,"背光模組, 面板零組件",,
6177,達麗,建材營造業,TWSE,"地產, 營建",,
6179,亞通,其他業,TPEX,"工程顧問, 營造工程",,
6180,橘子,文化創意業,TPEX,"PC遊戲, 手機遊戲, 遊戲產業",,
6182,合晶,半導體業,TPEX,"IC製造, 矽晶圓",,
6183,關貿,資訊服務業,TWSE,"INTERNET技術與基礎設施, 系統整合, 軟體業, 電商服務",,
6184,大豐電,其他業,TWSE,"傳播事業, 有線電視",,
6185,幃翔,電子零組件業,TPEX,"連接器, 電子零件元件",,
6186,新潤,建材營造業,TPEX,"地產, 營建",,
6187,萬潤,半導體業,TPEX,"封測用設備, 設備儀器商",,
6188,廣明,電腦及週邊設備業,TPEX,"機器人, 硬碟相關, 週邊產品",,
6189,豐藝,電子通路業,TWSE,"IC零組件通路商, 電子元件代理商, 電子通路, 顯示器",,
6190,萬泰科,通信網路業,TPEX,"連接線材, 電子零件元件",,
6191,精成科,電子零組件業,TWSE,"印刷電路板, 印刷電路板相關, 電子製造服務, 電腦系統業",,
6192,巨路,其他電子業,TWSE,"設備儀器商, 電子元件代理商, 電子通路",,
6194,育富,電子零組件業,TPEX,"印刷電路板, 印刷電路板相關",,
6195,詩肯,居家生活,TPEX,"家居相關用品通路, 流通業",,
6196,帆宣,其他電子業,TWSE,"半導體製程設備, 廠務工程, 系統整合, 設備儀器商, 軟體業, 電子其他",,
6197,佳必琪,電子零組件業,TWSE,"連接器, 電子零件元件",,
6198,瑞築,建材營造業,TPEX,"住宅建設, 地產, 營建, 營造工程, 物業投資發展",,
6199,天品,其他業,TPEX,"地產, 服務業, 殯葬服務, 物業投資發展",,
6201,亞弘電,其他電子業,TWSE,"家電, 小家電, 電子零件元件, 音響設備及零件",,
6202,盛群,半導體業,TWSE,"IC設計, MCU, PC週邊IC, 安全監控IC, 消費性IC, 生物辨識IC",,
6203,海韻電,電子零組件業,TPEX,"電子零件元件, 電源供應器",,
6204,艾華,電子零組件業,TPEX,"被動元件, 電阻",,
6205,詮欣,電子零組件業,TWSE,"連接器, 連接線材, 電子零件元件",,
6206,飛捷,電腦及週邊設備業,TWSE,"KIOSK自助服務機, POS機系統, 工業電腦",,
6207,雷科,電子零組件業,TPEX,"其他電子零件, 設備儀器商, 電子零件元件",,
6208,日揚,半導體業,TPEX,"半導體製程設備, 幫浦, 產業機械, 設備儀器商",,
6209,今國光,光電業,TWSE,"光學元件, 光學鏡片／頭",,
6210,慶生,電子零組件業,TPEX,"印刷電路板, 印刷電路板相關",,
6212,理銘,建材營造業,TPEX,"地產, 營建",,
6213,聯茂,電子零組件業,TWSE,"印刷電路板相關, 軟板基板, 銅箔基板",,
6214,精誠,資訊服務業,TWSE,"INTERNET技術與基礎設施, 系統整合, 軟體業, 軟體通路／代理, 雲端科技",,
6215,和椿,其他電子業,TWSE,"叉車／輸送設備, 機械零組件, 產業機械, 自動化設備, 軸承",,
6216,居易,通信網路業,TWSE,"接取設備, 無線網路設備系統(WLAN), 網通設備",,
6217,中探針,電子零組件業,TPEX,"封測服務與材料, 探針、探針卡",,
6218,豪勉,通信網路業,TPEX,"半導體製程設備, 系統整合, 設備儀器商, 軟體業",,
6219,富旺,建材營造業,TPEX,"地產, 營建",,
6220,岳豐,電子零組件業,TPEX,"連接線材, 電子零件元件",,
6221,晉泰,資訊服務業,TPEX,"INTERNET技術與基礎設施, 系統整合, 軟體業, 軟體通路／代理, 雲端科技",,
6222,立軒,光電業,TPEX,"住宅建設, 營造工程",,
6223,旺矽,半導體業,TPEX,"LED設備, 封測服務與材料, 探針、探針卡, 設備儀器商",,
6224,聚鼎,電子零組件業,TWSE,"LED, LED散熱基板, 熱敏電阻, 被動元件",,
6225,天瀚,光電業,TWSE,"行車紀錄器, 車用電子",,
6226,光鼎,光電業,TWSE,"LED, LED封裝",,
6227,茂綸,電子通路業,TPEX,"IC零組件通路商, 軟體業, 軟體通路／代理, 電子通路",,
6228,全譜,電腦及週邊設備業,TPEX,"IVD檢驗儀器設備, 掃瞄器, 週邊產品, 體外診斷用醫材",,
6229,研通,半導體業,TPEX,"IC設計, IC設計軟體",,
6230,尼得科超眾,電腦及週邊設備業,TWSE,"伺服器用散熱模組, 其他散熱零件, 散熱模組, 筆記型電腦用散熱模組",,
6231,系微,資訊服務業,TPEX,"BIOS, IC設計, 軟體業",,
6233,旺玖,半導體業,TPEX,"IC設計, MEMS, USB IC, 其他IC, 馬達IC",,
6234,高僑,光電業,TPEX,"印刷電路板相關, 設備儀器商, 雷射鑽孔機、鑽頭",,
6235,華孚,電腦及週邊設備業,TWSE,汽機車零組件,,
6236,中湛,其他業,TPEX,"資訊安全, 軟體業",,
6237,驊訊,半導體業,TPEX,"IC設計, 影音IC",,
6239,力成,半導體業,TWSE,"IC封裝, IC封裝測試, IC測試",,
6240,松崗,資訊服務業,TPEX,"地產, 物業投資發展, 系統整合, 軟體業",,
6241,易通展,通信網路業,TPEX,"區域網路, 無線網路設備系統(WLAN), 網通設備",,
6242,立康,生技醫療業,TPEX,"中藥製劑, 生物科技, 醫藥產業, 食品生技",,
6243,迅杰,半導體業,TWSE,"IC設計, MCU, PC週邊IC, 觸控IC",,
6244,茂迪,光電業,TPEX,"太陽能, 太陽能電池, 太陽能電池模組",,
6245,立端,通信網路業,TPEX,"網通設備, 資安設備",,
6246,臺龍,光電業,TPEX,"背光模組, 面板零組件",,
6248,沛波,鋼鐵工業,TPEX,"板鋼, 條鋼, 鋼筋, 鋼胚",,
6257,矽格,半導體業,TWSE,"IC封裝, IC封裝測試, IC測試",,
6259,百徽,電子零組件業,TPEX,"分離式元件, 磁性元件, 被動元件, 電子元件代理商, 電子通路, 電子零件元件, 電感, 電晶體",,
6261,久元,半導體業,TPEX,"IC封裝測試, IC測試, 封測用設備, 設備儀器商",,
6263,普萊德,通信網路業,TPEX,"光纖設備, 光通訊, 區域網路, 網通設備",,
6264,富裔,建材營造業,TPEX,"地產, 營建",,
6265,方土昶,電子通路業,TPEX,"DRAM, IC製造, IC零組件通路商, 電子通路, 非揮發性記憶體",,
6266,泰詠,電子零組件業,TPEX,"電子製造服務, 電腦系統業",,
6269,台郡,電子零組件業,TWSE,"印刷電路板相關, 軟板",,
6270,倍微,電子通路業,TPEX,"IC零組件通路商, 電子通路",,
6271,同欣電,半導體業,TWSE,"IC基板, IC封裝測試, LED, LED散熱基板, 封測服務與材料",,
6272,驊陞,電子零組件業,TWSE,"汽機車零組件, 車用電子, 連接器, 連接線材, 電子零件元件",,
6274,台燿,電子零組件業,TPEX,"印刷電路板相關, 銅箔基板",,
6275,元山,電子零組件業,TPEX,"其他散熱零件, 家電, 小家電, 散熱模組, 散熱風扇馬達",,
6276,安鈦克,電腦及週邊設備業,TPEX,"機殼, 電子零件元件, 電源供應器",,
6277,宏正,電腦及週邊設備業,TWSE,"消費性電子產品, 視訊轉換相關, 週邊產品",,
6278,台表科,光電業,TWSE,"LED, LED照明產品, 電子製造服務, 電腦系統業",,
6279,胡連,電子零組件業,TPEX,"汽機車零組件, 汽車端子, 連接器, 電子零件元件",,
6281,全國電,電子通路業,TWSE,"3C通路商, 家電, 電器銷售, 電子通路",,
6282,康舒,電子零組件業,TWSE,"電子零件元件, 電源供應器",,
6283,淳安,其他電子業,TWSE,"光學元件, 光學鏡片／頭, 車用電子, 週邊產品, 鍵盤",,
6284,佳邦,電子零組件業,TPEX,"其他電子零件, 天線, 網通設備, 電子零件元件",,
6285,啟��,通信網路業,TWSE,"無線網路設備系統(WLAN), 網通設備, 衛星通訊設備, 車用電子, 通訊設備零組件",,
6290,良維,電子零組件業,TPEX,"連接線材, 電子零件元件",,
6291,沛亨,半導體業,TPEX,"IC設計, 電子零件元件, 電源管理IC, 音響設備及零件",,
6292,迅德,電子零組件業,TPEX,"變壓器, 電子零件元件",,
6294,智基,文化創意業,TPEX,"教育事業, 服務業",,
6405,悅城,光電業,TWSE,"玻璃基板加工, 面板零組件",,
6409,旭隼,其他電子業,TWSE,"PV INVERTER, UPS, 太陽能, 電子零件元件",,
6411,晶焱,半導體業,TPEX,"IC設計, 其他IC",,
6412,群電,電子零組件業,TWSE,"電子零件元件, 電源供應器",,
6414,樺漢,電腦及週邊設備業,TWSE,工業電腦,,
6415,矽力*-KY,半導體業,TWSE,"IC設計, LED驅動IC, 電源管理IC",,
6416,瑞祺電通,通信網路業,TWSE,"網通設備, 資安設備",,
6417,韋僑,通信網路業,TPEX,"RFID相關, 網通設備",,
6418,詠昇,電子零組件業,TPEX,"連接器, 連接線材, 電子零件元件",,
6419,京晨科,光電業,TPEX,"安全監控, 工業電腦",,
6423,億而得,半導體業,TPEX,"IC設計, 設計IP",,
6425,易發,電機機械,TPEX,"IC檢測設備, 其他產業機械, 半導體製程設備, 產業機械, 設備儀器商, 面板設備",,
6426,統新,通信網路業,TWSE,"光纖零組件, 光通訊",,
6431,光麗-KY,生技醫療業,TWSE,"時尚產業, 美妝保養品",,
6432,今展科,電子零組件業,TPEX,"IC零組件通路商, 壓敏電阻, 被動元件, 電子通路, 電感",,
6435,大中,半導體業,TPEX,"分離式元件, 電晶體",,
6438,迅得,其他電子業,TWSE,"PCB相關設備, 半導體製程設備, 設備儀器商",,
6441,廣錠,電腦及週邊設備業,TPEX,"儲能設備, 博奕機台, 工業用電池, 工業電腦, 電池",,
6442,光聖,通信網路業,TWSE,"光纖主動元件, 光纖被動元件, 光通訊, 連接器, 電子零件元件",,
6443,元晶,光電業,TWSE,"太陽能, 太陽能電池, 太陽能電池模組",,
6446,藥華藥,生技醫療業,TWSE,"新藥研發, 生物製劑, 醫藥產業",,
6449,鈺邦,電子零組件業,TWSE,"被動元件, 鋁質電解電容",,
6451,訊芯-KY,半導體業,TWSE,"IC封裝, IC封裝測試, IC測試",,
6456,GIS-KY,光電業,TWSE,"觸控面板, 面板業",,
6461,益得,生技醫療業,TPEX,"學名藥, 新藥研發, 西藥製劑, 醫藥產業",,
6462,神盾,半導體業,TPEX,"IC設計, 感測元件, 消費性IC, 生物辨識IC",,
6464,台數科,其他業,TWSE,"傳播事業, 有線電視",,
6465,威潤,通信網路業,TPEX,"網通設備, 衛星導航",,
6469,大樹,生技醫療業,TPEX,"藥品通路, 醫療器材通路, 醫藥流通",,
6470,宇智,通信網路業,TPEX,"無線網路設備系統(WLAN), 網通設備",,
6472,保瑞,生技醫療業,TWSE,"學名藥, 西藥製劑, 醫藥流通, 醫藥產業, 醫藥研發外包服務",,
6474,華豫寧,電子通路業,TPEX,"IC設計, IC零組件通路商, MCU, 家居用品, 系統整合, 軟體業, 鎖, 電子通路, 類比IC",,
6477,安集,光電業,TWSE,"太陽能, 太陽能發電, 太陽能電池模組, 電力",,
6482,弘煜科,文化創意業,TPEX,"PC遊戲, 手機遊戲, 遊戲產業",,
6485,點序,半導體業,TPEX,"FLASH記憶體IC, IC設計, SSD控制IC, 記憶卡IC",,
6486,互動,通信網路業,TPEX,"系統整合, 軟體業",,
6488,環球晶,半導體業,TPEX,"IC製造, 矽晶圓",,
6491,晶碩,生技醫療業,TWSE,"輔助與彌補用醫材, 隱形眼鏡",,
6492,生華科,生技醫療業,TPEX,"新藥研發, 醫藥產業",,
6494,九齊,半導體業,TPEX,"IC設計, MCU, 影音IC",,
6496,科懋,生技醫療業,TPEX,"學名藥, 西藥製劑, 醫療器材通路, 醫藥流通, 醫藥產業",,
6498,久禾光,光電業,TPEX,"光學元件, 光學鏡片／頭",,
6499,益安,生技醫療業,TPEX,"手術與治療用醫材, 診斷與監測用醫材, 醫學影像裝置",,
6504,南六,其他業,TWSE,"不織布, 個人保護用器材, 其他醫療器材, 工業紡織品",,
6505,台塑化,油電燃氣業,TWSE,"塑化原料, 油品儲運／分銷, 烯烴類, 煉油, 石油及天然氣",,
6506,雙邦,紡織纖維,TPEX,"PU樹脂, 其他化工產品, 化學工業, 織布業",,
6508,惠光,農業科技業,TPEX,"化學工業, 塑化製品, 塑膠皮布, 農藥",,
6509,聚和,化學工業,TPEX,"傳產其他, 其他化工產品, 化學工業, 文具",,
6510,精測,半導體業,TPEX,"封測服務與材料, 測試用板卡",,
6512,啟發電,其他電子業,TPEX,"消費性電子產品, 視訊轉換相關",,
6515,穎崴,半導體業,TWSE,"封測服務與材料, 探針、探針卡",,
6516,勤崴國際,資訊服務業,TPEX,"應用軟體, 軟體業",,
6517,保勝光學,光電業,TPEX,"光學元件, 光學鏡片／頭",,
6523,達爾膚,生技醫療業,TPEX,"時尚產業, 美妝保養品",,
6525,捷敏-KY,半導體業,TWSE,IC封裝測試,,
6526,達發,半導體業,TWSE,"IC設計, 射頻前端晶片, 無線網路IC, 網路通訊IC, 衛星導航晶片組",,
6527,明達醫,生技醫療業,TPEX,"診斷與監測用醫材, 醫學影像裝置",,
6530,創威,通信網路業,TPEX,"光纖主動元件, 光通訊",,
6531,愛普*,半導體業,TWSE,"DRAM記憶體IC, IC設計, SRAM記憶體IC, 設計IP",,
6532,瑞耘,半導體業,TPEX,"半導體製程設備, 設備儀器商",,
6533,晶心科,半導體業,TWSE,"IC設計, 設計IP",,
6534,正瀚-創,生技醫療業,TWSE,"化學工業, 生物科技, 肥料, 農業生技",,
6535,順藥,生技醫療業,TPEX,"新藥研發, 西藥製劑, 醫藥產業",,
6538,倉和,電子零組件業,TPEX,電子其他,,
6541,泰福-KY,生技醫療業,TWSE,"新藥研發, 生物製劑, 醫藥產業",,
6542,隆中,文化創意業,TPEX,"PC遊戲, 手機遊戲, 遊戲產業",,
6546,正基,通信網路業,TPEX,"網通設備, 通訊設備零組件",,
6547,高端疫苗,生技醫療業,TPEX,"生物製劑, 醫藥產業",,
6548,長科*,半導體業,TPEX,"封測服務與材料, 導線架",,
6550,北極星藥業-KY,生技醫療業,TWSE,"新藥研發, 生物製劑, 醫藥產業, 醫藥研發外包服務",,
6552,易華電,半導體業,TWSE,"IC基板, 封測服務與材料",,
6556,勝品,光電業,TPEX,"安全監控, 工業電腦",,
6558,興能高,其他電子業,TWSE,"消費用電池, 電池",,
6560,欣普羅,光電業,TPEX,"安全監控, 工業電腦",,
6561,是方,通信網路業,TPEX,"INTERNET技術與基礎設施, 通訊服務, 雲端科技, 電信／數據服務",,
6568,宏觀,半導體業,TPEX,"ASIC, IC設計, 光通訊IC, 無線網路IC",,
6569,醫揚,生技醫療業,TPEX,工業電腦,,
6570,維田,電腦及週邊設備業,TPEX,"工業電腦, 顯示器",,
6573,虹揚-KY,半導體業,TWSE,"二極體, 分離式元件",,
6574,霈方,生技醫療業,TPEX,"時尚產業, 美妝保養品, 醫療服務, 醫療管理服務",,
6576,逸達,生技醫療業,TPEX,"新藥研發, 生物製劑, 西藥製劑, 醫藥產業",,
6577,勁豐,電腦及週邊設備業,TPEX,"工業電腦, 顯示器",,
6578,達邦蛋白,農業科技業,TPEX,"生物科技, 農業生技",,
6579,研揚,電腦及週邊設備業,TWSE,工業電腦,,
6581,鋼聯,綠能環保,TWSE,"傳產其他, 回收焚化／掩埋清運",,
6582,申豐,橡膠工業,TWSE,"乳膠相關, 橡膠工業",,
6584,南俊國際,電子零組件業,TPEX,"其他電子零件, 電子零件元件",,
6585,鼎基,其他業,TWSE,"PU樹脂, 化學工業, 熱熔膠",,
6588,東典光電,通信網路業,TPEX,"光纖零組件, 光通訊, 物聯網裝置, 網通設備",,
6589,台康生技,生技醫療業,TWSE,"醫藥產業, 醫藥研發外包服務",,
6590,普鴻,資訊服務業,TPEX,"系統整合, 資訊安全, 軟體業, 電子支付",,
6591,動力-KY,電腦及週邊設備業,TWSE,"散熱模組, 散熱風扇馬達",,
6592,和潤企業,其他業,TWSE,"汽車服務相關, 汽車融資, 租賃, 金融業",,
6593,台灣銘板,資訊服務業,TPEX,"傳產其他, 智慧卡相關, 電子其他",,
6596,寬宏藝術,文化創意業,TPEX,"休閒娛樂, 傳播事業, 影音娛樂, 文化創意產業, 陳列展覽相關",,
6597,立誠,電子零組件業,TPEX,"LED, LED散熱基板",,
6598,ABC-KY,生技醫療業,TWSE,"IVD檢驗儀器設備, 檢驗試劑／紙, 體外診斷用醫材",,
6603,富強鑫,電機機械,TPEX,"塑膠機械, 產業機械",,
6605,帝寶,汽車工業,TWSE,"汽機車零組件, 車燈",,
6606,建德工業,電機機械,TWSE,"工具機, 磨床, 龍門機",,
6609,瀧澤科,電機機械,TPEX,"工具機, 車床",,
6612,奈米醫材,生技醫療業,TPEX,"輔助與彌補用醫材, 醫用植入材料",,
6613,朋億*,其他電子業,TPEX,"半導體製程設備, 設備儀器商",,
6614,資拓宏宇,數位雲端,TWSE,"系統整合, 軟體業",,
6615,慧智,生技醫療業,TPEX,"生技服務, 生物科技",,
6616,特昇-KY,居家生活,TPEX,"傢俱, 家居用品",,
6617,共信-KY,生技醫療業,TPEX,"新藥研發, 西藥製劑, 醫藥產業",,
6620,漢達,生技醫療業,TPEX,"學名藥, 新藥研發, 西藥製劑, 醫藥產業",,
6624,萬年清,綠能環保,TPEX,"水資源, 污水處理",,
6625,必應,其他業,TWSE,"傳播事業, 影音娛樂",,
6629,泰金-KY,居家生活,TPEX,"傳產其他, 金屬加工／製品",,
6637,醫影,生技醫療業,TPEX,"醫療器材通路, 醫療管理服務, 醫藥流通",,
6640,均華,半導體業,TPEX,"封測用設備, 設備儀器商",,
6641,基士德-KY,綠能環保,TWSE,"幫浦, 水資源, 水資源設備／耗材, 產業機械, 通用機械",,
6642,富致,電子零組件業,TPEX,"熱敏電阻, 被動元件",,
6643,M31,半導體業,TPEX,"IC設計, 設計IP",,
6645,金萬林-創,生技醫療業,TWSE,"IVD檢驗儀器設備, 檢驗試劑／紙, 生技服務, 生物科技, 體外診斷用醫材",,
6649,台生材,生技醫療業,TPEX,"手術與治療用醫材, 輔助與彌補用醫材, 醫用植入材料",,
6651,全宇昕,半導體業,TPEX,"二極體, 分離式元件, 電晶體",,
6654,天正國際,其他電子業,TPEX,設備儀器商,,
6655,科定,其他業,TWSE,"建材, 木地板, 複合板",,
6657,華安,生技醫療業,TWSE,"新藥研發, 檢驗試劑／紙, 生命科學工具, 診斷與監測用醫材, 醫藥產業, 體外診斷用醫材",,
6658,聯策,其他電子業,TWSE,"PCB相關設備, 設備儀器商",,
6661,威健生技,生技醫療業,TPEX,"IVD檢驗儀器設備, 檢驗試劑／紙, 生技服務, 生物科技, 體外診斷用醫材",,
6662,樂斯科,生技醫療業,TPEX,"IVD檢驗儀器設備, 生命科學工具, 診斷與監測用醫材, 體外診斷用醫材",,
6664,群翊,電子零組件業,TPEX,"PCB相關設備, 設備儀器商",,
6666,羅麗芬-KY,生技醫療業,TWSE,"時尚產業, 美妝保養品, 美容",,
6667,信紘科,其他電子業,TPEX,"廠務工程, 設備儀器商, 電子其他",,
6668,中揚光,光電業,TWSE,"光學元件, 光學鏡片／頭, 模具, 機械零組件",,
6669,緯穎,電腦及週邊設備業,TWSE,"AI伺服器, ASIC伺服器, 伺服器, 電腦系統業",,
6670,復盛應用,運動休閒,TWSE,"運動產業, 高爾夫球桿頭",,
6671,三能-KY,居家生活,TWSE,傳產其他,,
6672,騰輝電子-KY,電子零組件業,TWSE,"LED, LED散熱基板, 印刷電路板相關, 銅箔基板",,
6674,鋐寶科技,通信網路業,TWSE,"接取設備, 無線網路設備系統(WLAN), 網通設備",,
6679,鈺太,半導體業,TPEX,"IC設計, MEMS, 影音IC, 感測元件, 類比IC",,
6680,鑫創電子,電腦及週邊設備業,TPEX,工業電腦,,
6683,雍智科技,半導體業,TPEX,"封測服務與材料, 測試用板卡",,
6684,安格,半導體業,TPEX,"IC設計, 影音IC, 設計IP, 高速傳輸介面IC",,
6689,伊雲谷,數位雲端,TWSE,"INTERNET技術與基礎設施, 雲端科技",,
6690,安�硌穈T,數位雲端,TPEX,"資訊安全, 軟體業",,
6691,洋基工程,其他電子業,TWSE,"廠務工程, 電子其他",,
6692,進能服,綠能環保,TPEX,"太陽能, 太陽能系統運用",,
6693,廣閎科,半導體業,TPEX,"IC設計, 分離式元件, 電晶體, 馬達IC",,
6695,芯鼎,半導體業,TWSE,"IC設計, 安全監控IC, 影音IC, 消費性IC",,
6697,東捷資訊,資訊服務業,TPEX,"企業資源規劃, 客戶關係管理, 軟體業",,
6698,旭暉應材,其他電子業,TWSE,"其他電子零件, 半導體製程設備, 設備儀器商, 電子零件元件",,
6703,軒郁,生技醫療業,TPEX,"INTERNET應用與服務, 時尚產業, 美妝保養品, 電商平台",,
6706,惠特,光電業,TWSE,"LED設備, 半導體製程設備, 設備儀器商",,
6708,天擎,半導體業,TPEX,"IC設計, 安全監控IC",,
6712,長聖,生技醫療業,TPEX,"新藥研發, 生物製劑, 細胞治療, 醫藥產業, 醫藥研發外包服務",,
6715,嘉基,電子零組件業,TWSE,"THUNDERBOLT, 傳輸介面, 連接線材, 電子零件元件",,
6716,應廣,半導體業,TPEX,"IC設計, MCU",,
6719,力智,半導體業,TWSE,"IC設計, 分離式元件, 電晶體, 電源管理IC",,
6720,久昌,半導體業,TPEX,"IC設計, 分離式元件, 電晶體, 類比IC",,
6721,信實,其他業,TPEX,"保全業, 地產, 服務業, 清潔服務, 物業管理服務",,
6722,輝創,其他電子業,TWSE,"倒車雷達, 車用電子",,
6725,矽科宏晟,其他電子業,TPEX,"廠務工程, 設備儀器商, 電子其他",,
6727,亞泰金屬,電子零組件業,TPEX,"PCB相關設備, 設備儀器商",,
6728,上洋,居家生活,TPEX,"家電, 服務業, 消費者服務, 電器銷售",,
6730,常廣,生技醫療業,TPEX,"其他手術器械, 其他醫療器材, 手術與治療用醫材, 醫療耗材",,
6732,昇佳電子,半導體業,TPEX,"IC設計, MEMS, 感測元件",,
6733,博晟生醫,生技醫療業,TPEX,"輔助與彌補用醫材, 骨科類器材",,
6735,美達科技,其他電子業,TPEX,"IC檢測設備, 設備儀器商",,
6739,竹陞科技,其他電子業,TPEX,設備儀器商,,
6741,91APP*-KY,數位雲端,TPEX,"INTERNET技術與基礎設施, 應用軟體, 軟體業, 電商服務",,
6742,澤米,光電業,TWSE,"光學膜, 電子其他, 面板零組件",,
6743,安普新,其他電子業,TWSE,"耳機, 電聲產品",,
6751,智聯服務,資訊服務業,TPEX,"系統整合, 軟體業",,
6752,叡揚,資訊服務業,TPEX,"企業資源規劃, 應用軟體, 軟體業",,
6753,龍德造船,航運業,TWSE,造船業,,
6754,匯僑設計,居家生活,TWSE,"營造工程, 設計裝潢",,
6756,威鋒電子,半導體業,TWSE,"IC設計, USB IC",,
6757,台灣虎航,航運業,TWSE,"空運, 運輸事業",,
6761,穩得,電子零組件業,TPEX,"檢測驗證服務, 被動元件, 設備儀器商, 電子元件代理商, 電子通路",,
6762,達亞,生技醫療業,TPEX,手術與治療用醫材,,
6763,綠界科技*,數位雲端,TPEX,"軟體業, 電子支付",,
6767,台微醫,生技醫療業,TPEX,"輔助與彌補用醫材, 骨科類器材",,
6768,志強-KY,運動休閒,TWSE,"傳產其他, 鞋材",,
6770,力積電,半導體業,TWSE,"IC製造, 晶圓代工",,
6771,平和環保-創,綠能環保,TWSE,"水資源, 污水處理",,
6776,展�眥篕�,電子通路業,TWSE,"3C通路商, 家電, 軟體業, 軟體通路／代理, 電器銷售, 電子通路, 電腦通路商",,
6781,AES-KY,電子零組件業,TWSE,"儲能設備, 車用鋰電池, 電池",,
6782,視陽,生技醫療業,TWSE,"輔助與彌補用醫材, 隱形眼鏡",,
6785,昱展新藥,生技醫療業,TPEX,"新藥研發, 醫藥產業",,
6788,華景電,半導體業,TPEX,"半導體製程設備, 設備儀器商",,
6789,采鈺,半導體業,TWSE,"IC封裝測試, IC測試, IC製造, 影像感測元件, 數位相機, 晶圓代工",,
6790,永豐實,造紙工業,TWSE,"家庭用紙, 造紙業",,
6791,虎門科技,資訊服務業,TPEX,"企業資源規劃, 系統整合, 軟體業",,
6792,詠業,通信網路業,TWSE,"MLCC, 其他電子零件, 天線, 網通設備, 被動元件, 電子零件元件",,
6794,向榮生技,生技醫療業,TWSE,"新藥研發, 生物製劑, 細胞治療, 醫藥產業, 醫藥研發外包服務",,
6796,晉弘,生技醫療業,TWSE,"診斷與監測用醫材, 醫學影像裝置",,
6799,來頡,半導體業,TWSE,"IC設計, 電源管理IC",,
6803,崑鼎,綠能環保,TPEX,"傳產其他, 回收焚化／掩埋清運, 控股公司",,
6804,明係,運動休閒,TPEX,"自行車, 車輛整車",,
6805,富世達,電子零組件業,TWSE,"樞紐, 電子零件元件",,
6806,森崴能源,綠能環保,TWSE,"工程顧問, 營造工程, 配電工程, 電力公共事業, 電力設備",,
6807,峰源-KY,居家生活,TWSE,"傢俱, 家居用品",,
6811,宏�硌穈T,數位雲端,TPEX,"系統整合, 軟體業",,
6821,聯寶,電子零組件業,TPEX,"無線充電, 變壓器, 電子零件元件",,
6823,濾能,半導體業,TPEX,電子其他,,
6829,千附精密,半導體業,TPEX,"半導體製程設備, 機械零組件, 設備儀器商, 面板設備, 飛機零件／製造",,
6830,汎銓,其他電子業,TWSE,"檢測驗證服務, 設備儀器商",,
6831,邁科,電腦及週邊設備業,TWSE,"伺服器用散熱模組, 其他散熱零件, 散熱模組",,
6834,天二科技,電子零組件業,TWSE,"晶片電阻, 被動元件",,
6835,圓裕,電子零組件業,TWSE,"印刷電路板相關, 軟板, 連接線材, 電子零件元件",,
6838,台新藥,生技醫療業,TWSE,"學名藥, 專利藥, 新藥研發, 醫藥產業",,
6840,東研信超,其他電子業,TPEX,"檢測驗證服務, 設備儀器商",,
6841,長佳智能,生技醫療業,TPEX,智慧醫療技術,,
6843,進典,電機機械,TPEX,"工業閥門, 機械零組件",,
6844,諾貝兒,生技醫療業,TPEX,"藥品通路, 醫療器材通路, 醫藥流通",,
6846,綠茵,食品工業,TPEX,"生物科技, 食品生技",,
6854,錼創科技-KY創,半導體業,TWSE,"LED, LED封裝, LED晶粒, LED磊晶",,
6855,數泓科,其他電子業,TPEX,"手工具, 產業機械",,
6856,鑫傳,文化創意業,TPEX,"傳播事業, 影音娛樂, 有線電視, 無店舖販售, 電視購物",,
6859,伯特光,光電業,TPEX,"光學元件, 光學鏡片／頭, 模具, 機械零組件",,
6861,睿生光電,生技醫療業,TWSE,設備儀器商,,
6862,三集瑞-KY,電子零組件業,TWSE,"被動元件, 電感",,
6863,永道-KY,通信網路業,TWSE,"RFID相關, 網通設備",,
6865,偉康科技,數位雲端,TPEX,"企業資源規劃, 應用軟體, 軟體業",,
6869,雲豹能源,綠能環保,TWSE,"太陽能, 太陽能發電, 太陽能系統運用, 水資源, 污水處理, 電力, 電力公共事業",,
6870,騰雲,數位雲端,TPEX,"INTERNET技術與基礎設施, 系統整合, 軟體業, 電商服務",,
6872,浩宇生醫,生技醫療業,TPEX,"手術與治療用醫材, 診斷與監測用醫材, 醫學影像裝置",,
6873,泓德能源,綠能環保,TWSE,"太陽能, 太陽能發電, 太陽能系統運用, 電力",,
6874,倍力,資訊服務業,TPEX,"軟體業, 軟體通路／代理",,
6875,國邑*,生技醫療業,TPEX,"新藥研發, 醫藥產業",,
6877,鏵友益,其他電子業,TPEX,"IC檢測設備, 半導體製程設備, 設備儀器商, 面板設備",,
6881,潤德,其他業,TPEX,"營造工程, 設計裝潢",,
6884,海柏特,資訊服務業,TPEX,"商業服務／顧問, 服務業",,
6885,全福生技,生技醫療業,TWSE,"新藥研發, 醫藥產業",,
6887,寶綠特-KY,綠能環保,TWSE,"傳產其他, 化學纖維, 化纖原料, 回收焚化／掩埋清運",,
6890,來億-KY,運動休閒,TWSE,"傳產其他, 鞋材",,
6894,衛司特,綠能環保,TPEX,"傳產其他, 回收焚化／掩埋清運, 水資源, 水資源設備／耗材",,
6895,宏碩系統,半導體業,TPEX,"半導體製程設備, 設備儀器商",,
6899,創為精密,光電業,TPEX,"觸控面板, 面板業",,
6901,鑽石投資,其他業,TWSE,"新藥研發, 生物科技, 資產管理, 醫藥產業, 金融其他, 金融業",,
6902,GOGOLOOK,數位雲端,TWSE,"應用軟體, 軟體業",,
6903,巨漢,其他電子業,TPEX,"廠務工程, 電子其他",,
6904,伯鑫,其他業,TPEX,"手工具, 產業機械",,
6906,現觀科,數位雲端,TWSE,"應用軟體, 軟體業",,
6907,雅特力-KY,半導體業,TPEX,"IC設計, MCU",,
6908,宏�砦C戲-創,電子通路業,TWSE,"3C通路商, 遊戲機, 遊戲產業, 電子通路",,
6909,創控,半導體業,TWSE,"半導體製程設備, 設備儀器商",,
6910,德鴻,數位雲端,TPEX,"INTERNET技術與基礎設施, 客戶關係管理, 生物辨識相關, 系統整合, 語音辨識, 軟體業, 雲端科技",,
6913,鴻呈,電子零組件業,TPEX,"連接線材, 電子零件元件",,
6914,阜爾運通,其他業,TWSE,"停車場, 其他公用事業",,
6916,華凌,光電業,TWSE,"LCM, 面板業",,
6918,愛派司,生技醫療業,TWSE,"輔助與彌補用醫材, 醫療器材通路, 醫藥流通, 骨科類器材",,
6919,康霈*,生技醫療業,TWSE,"新藥研發, 生物科技, 醫藥產業, 食品生技",,
6921,嘉雨思-創,半導體業,TWSE,"IC設計, 高速傳輸介面IC",,
6922,宸曜,電腦及週邊設備業,TPEX,工業電腦,,
6923,中台,綠能環保,TWSE,"傳產其他, 回收焚化／掩埋清運, 營造工程, 環保工程",,
6924,榮惠-KY創,電子零組件業,TWSE,"印刷電路板, 印刷電路板相關",,
6925,意藍,數位雲端,TPEX,"INTERNET技術與基礎設施, 人工智慧, 應用軟體, 軟體業, 雲端科技",,
6928,攸泰科技,電腦及週邊設備業,TWSE,工業電腦,,
6929,佑全,生技醫療業,TPEX,"藥品通路, 醫療器材通路, 醫藥流通",,
6931,青松健康,生技醫療業,TWSE,"醫療服務, 醫療管理服務",,
6933,AMAX-KY,電腦及週邊設備業,TWSE,"伺服器, 系統整合, 軟體業, 電腦系統業",,
6934,心誠鎂,生技醫療業,TWSE,"呼吸與麻醉用器具, 手術與治療用醫材",,
6936,永鴻生技,生技醫療業,TWSE,"動物用藥, 生物科技, 農業生技, 醫藥產業",,
6937,天虹,半導體業,TWSE,"半導體製程設備, 設備儀器商",,
6944,兆聯實業,綠能環保,TWSE,"水資源, 水資源設備／耗材, 污水處理",,
6949,沛爾生醫-創,生技醫療業,TWSE,"新藥研發, 生物製劑, 細胞治療, 醫藥產業",,
6951,青新-創,綠能環保,TWSE,"傳產其他, 回收焚化／掩埋清運",,
6952,大武山,其他業,TWSE,"蛋業, 農林漁牧, 食品加工, 餅乾製品",,
6953,家碩,半導體業,TPEX,"半導體製程設備, 設備儀器商",,
6955,邦睿生技-創,生技醫療業,TWSE,"IVD檢驗儀器設備, 體外診斷用醫材",,
6957,裕慶-KY,其他業,TWSE,"傳產其他, 金屬加工／製品",,
6958,日盛台駿,其他業,TWSE,"汽車服務相關, 汽車融資, 租賃, 金融業",,
6961,旅天下,觀光餐旅,TPEX,"休閒娛樂, 旅行社",,
6962,奕力-KY,半導體業,TWSE,"IC設計, LCD驅動IC",,
6965,中傑-KY,運動休閒,TWSE,"傳產其他, 鞋材",,
6967,汎瑋材料,電子零組件業,TPEX,"其他電子零件, 電子元件代理商, 電子通路, 電子零件元件",,
6968,萬達寵物,居家生活,TPEX,"傳產其他, 寵物用品, 寵物食品, 食品加工",,
6969,成信實業*-創,綠能環保,TWSE,"傳產其他, 回收焚化／掩埋清運",,
6971,惠民實業,綠能環保,TPEX,"水利, 水資源, 污水處理",,
6982,大井泵浦,電機機械,TPEX,"幫浦, 產業機械",,
6988,威力暘-創,汽車工業,TWSE,車用電子,,
6994,富威電力,綠能環保,TWSE,"工程顧問, 營造工程, 電力公共事業",,
6996,力領科技,半導體業,TPEX,"IC設計, LCD驅動IC",,
6997,博弘,數位雲端,TPEX,"INTERNET技術與基礎設施, 雲端科技",,
7402,邑錡,光電業,TPEX,"攝影設備, 消費性電子產品",,
7547,碩網,數位雲端,TPEX,"人工智慧, 應用軟體, 系統整合, 軟體業",,
7556,意德士,半導體業,TPEX,"半導體製程設備, 設備儀器商",,
7584,樂意,文化創意業,TPEX,"PC遊戲, 手機遊戲, 遊戲產業",,
7610,聯友金屬-創,綠能環保,TWSE,"傳產其他, 回收焚化／掩埋清運",,
7631,聚賢研發-創,其他電子業,TWSE,"廠務工程, 設備儀器商, 電子其他",,
7642,昶瑞機電,電機機械,TPEX,家電,,
7703,銳澤,其他電子業,TPEX,設備儀器商,,
7704,明遠精密,半導體業,TPEX,"半導體製程設備, 設備儀器商",,
7705,三商餐飲,觀光餐旅,TWSE,"旅宿／餐飲, 餐飲",,
7708,全家餐飲,觀光餐旅,TPEX,"旅宿／餐飲, 餐飲",,
7709,榮田,電機機械,TPEX,"工具機, 車床, 銑床, 龍門機",,
7711,永擎,電腦及週邊設備業,TWSE,"AI伺服器, 主機板, 伺服器, 電腦系統業",,
7712,博盛半導體,半導體業,TPEX,"分離式元件, 電晶體",,
7713,威力德生醫,生技醫療業,TPEX,"IVD檢驗儀器設備, 智慧醫療技術, 檢驗試劑／紙, 醫療器材通路, 醫藥流通, 體外診斷用醫材",,
7714,創泓科技,數位雲端,TPEX,"網通設備, 資安設備, 資訊安全, 軟體業, 軟體通路／代理",,
7715,裕山,綠能環保,TPEX,"傳產其他, 回收焚化／掩埋清運, 工程顧問, 營造工程, 環保工程",,
7716,昱臺國際,航運業,TPEX,"海空運承攬業, 運輸事業",,
7717,萊德光電-KY,通信網路業,TPEX,"LED, LED照明產品, 光纖被動元件, 光纖設備, 光通訊, 網通設備, 通訊設備零組件",,
7718,友鋮,鋼鐵工業,TPEX,"線材盤元, 螺絲螺帽",,
7721,微程式,數位雲端,TWSE,"系統整合, 軟體業",,
7722,LINEPAY,數位雲端,TWSE,"軟體業, 電子支付",,
7723,築間,觀光餐旅,TPEX,"旅宿／餐飲, 餐飲",,
7728,光焱科技,其他電子業,TPEX,"IC檢測設備, 半導體製程設備, 設備儀器商",,
7730,暉盛-創,半導體業,TWSE,"PCB相關設備, 半導體製程設備, 封測用設備, 設備儀器商",,
7732,金興精密,汽車工業,TWSE,"汽機車零組件, 車用冷卻系統",,
7734,印能科技,半導體業,TPEX,"封測用設備, 設備儀器商",,
7736,虎山,汽車工業,TWSE,"汽機車零組件, 車用電子",,
7738,東聯互動,數位雲端,TPEX,"金融其他, 金融業",,
7740,熙特爾-創,綠能環保,TWSE,"儲能設備, 電力公共事業, 電池",,
7743,金利食安,食品工業,TPEX,"非酒精飲料, 飲料相關",,
7744,崴寶,電子零組件業,TPEX,"模具沖壓, 電子零件元件",,
7747,昕奇雲端,數位雲端,TPEX,"INTERNET技術與基礎設施, 網通設備, 資安設備, 資訊安全, 軟體業, 雲端科技",,
7749,意騰-KY,半導體業,TWSE,"ASIC, IC設計, 設計IP",,
7750,新代,電機機械,TWSE,"工具機, 工具機主軸, 工具機控制器",,
7751,竑騰,半導體業,TPEX,"封測用設備, 設備儀器商",,
7753,星亞,光電業,TPEX,"LED, LED照明產品, 數位看板, 顯示器",,
7757,金色三麥,觀光餐旅,TPEX,"啤酒, 旅宿／餐飲, 飲料相關, 餐飲",,
7765,中華資安,數位雲端,TWSE,"資訊安全, 軟體業",,
7767,仁大資訊,資訊服務業,TPEX,"系統整合, 軟體業",,
7769,鴻勁,半導體業,TWSE,"封測用設備, 設備儀器商",,
7770,君曜,半導體業,TPEX,"IC設計, LCD驅動IC, 觸控IC, 高速傳輸介面IC",,
7777,能率亞洲,其他業,TPEX,"資產管理, 金融業",,
7780,大研生醫*,食品工業,TWSE,"生物科技, 食品生技",,
7782,光速火箭,居家生活,TPEX,"INTERNET應用與服務, 商業服務／顧問, 時尚產業, 服務業, 美妝保養品, 電商平台",,
7786,東方風能,綠能環保,TWSE,"海洋工程設備, 產業機械",,
7788,松川精密,電子零組件業,TWSE,"電力設備, 電氣零件與設備",,
7791,皇家可口,食品工業,TWSE,"乳製品, 食品加工, 麵製品相關",,
7792,安葆,其他電子業,TPEX,"UPS, 配電工程, 重電設備, 電力設備, 電子零件元件, 電機",,
7795,長廣,電子零組件業,TWSE,"PCB相關設備, 設備儀器商",,
7799,禾榮科,生技醫療業,TWSE,"手術與治療用醫材, 放射治療設備",,
7805,威聯通,數位雲端,TPEX,"儲存設備, 週邊產品",,
7810,捷創科技,半導體業,TPEX,"半導體製程設備, 設備儀器商",,
7811,民盛,運動休閒,TPEX,"傳產其他, 製鞋業, 運動產業, 運動用品",,
7822,倍利科,半導體業,TWSE,"IC檢測設備, 設備儀器商",,
7823,奧義賽博-KY創,數位雲端,TWSE,"資訊安全, 軟體業",,
8011,台通,通信網路業,TWSE,"光纖光纜, 光纖被動元件, 光通訊, 通訊服務",,
8016,矽創,半導體業,TWSE,"CMOS晶片, IC設計, LCD驅動IC, MEMS, 感測元件, 手機零組件, 手機面板驅動IC, 觸控IC",,
8021,尖點,其他電子業,TWSE,"印刷電路板相關, 雷射鑽孔機、鑽頭, 電子製造服務, 電腦系統業",,
8024,佑華,半導體業,TPEX,"IC設計, MCU, 影音IC, 消費性IC",,
8027,鈦昇,電機機械,TPEX,"半導體製程設備, 封測用設備, 設備儀器商",,
8028,昇陽半導體,半導體業,TWSE,"IC製造, 矽晶圓",,
8032,光菱,電子通路業,TPEX,"IC零組件通路商, 電子元件代理商, 電子通路",,
8033,雷虎,其他業,TWSE,"傳產其他, 動力手術器具, 手術與治療用醫材, 無人機, 玩具, 軍用無人機",,
8034,榮群,通信網路業,TPEX,"接取設備, 網通設備",,
8038,長園科,電子零組件業,TPEX,"工業用電池, 鋰電池, 電池",,
8039,台虹,電子零組件業,TWSE,"印刷電路板相關, 軟板基板",,
8040,九暘,半導體業,TPEX,"IC設計, 無線網路IC, 網路通訊IC",,
8042,金山電,電子零組件業,TPEX,"被動元件, 鋁質電解電容",,
8043,蜜望實,電子零組件業,TPEX,"MLCC, 被動元件, 電子元件代理商, 電子通路, 電感",,
8044,網家,數位雲端,TPEX,"INTERNET應用與服務, 電商平台",,
8045,達運光電,通信網路業,TWSE,"光纖設備, 光通訊, 系統整合, 軟體業",,
8046,南電,電子零組件業,TWSE,"IC基板, 印刷電路板, 印刷電路板相關, 封測服務與材料",,
8047,星雲,其他電子業,TPEX,設備儀器商,,
8048,德勝,通信網路業,TPEX,"光纖設備, 光通訊",,
8049,晶采,光電業,TPEX,"LCM, 面板業",,
8050,廣積,電腦及週邊設備業,TPEX,"主機板, 工業電腦, 電腦系統業",,
8054,安國,半導體業,TPEX,"FLASH記憶體IC, IC設計, PC週邊IC, USB IC, 影音IC, 記憶卡IC, 集線器IC",,
8059,凱碩,通信網路業,TPEX,"數據機, 無線網路設備系統(WLAN), 網通設備",,
8064,東捷,光電業,TPEX,"LED設備, 設備儀器商, 面板設備",,
8066,來思達,居家生活,TPEX,"傢俱, 家居用品",,
8067,志旭,電子通路業,TPEX,"時尚產業, 美妝保養品, 電子通路, 電腦通路商",,
8068,全達,電子通路業,TPEX,"IC零組件通路商, 軟體業, 軟體通路／代理, 電子通路",,
8069,元太,光電業,TPEX,"中小尺吋面板, 電子紙, 面板業",,
8070,長華*,電子通路業,TWSE,"半導體材料通路商, 封測服務與材料, 導線架, 電子通路",,
8071,能率網通,電子零組件業,TPEX,"模具沖壓, 輔助與彌補用醫材, 隱形眼鏡, 電子元件代理商, 電子通路, 電子零件元件",,
8072,陞泰,電子通路業,TWSE,"IC零組件通路商, 安全監控, 工業電腦, 電子通路",,
8074,鉅橡,電子零組件業,TPEX,"PCB材料, 印刷電路板相關",,
8076,伍豐,電腦及週邊設備業,TPEX,"KIOSK自助服務機, POS機系統, 工業電腦",,
8077,洛��,觀光餐旅,TPEX,"旅宿／餐飲, 飯店",,
8080,泰霖,建材營造業,TPEX,"土石方工程商, 營造工程",,
8081,致新,半導體業,TWSE,"IC設計, LED驅動IC, 電源管理IC, 類比IC",,
8083,瑞穎,電機機械,TPEX,"機械零組件, 軸承",,
8084,巨虹,電子通路業,TPEX,"旅宿／餐飲, 記憶卡, 週邊產品, 電子元件代理商, 電子通路, 餐飲",,
8085,福華,其他電子業,TPEX,"LCM, 傳產其他, 其他電子零件, 碳權相關, 背光模組, 週邊產品, 電子零件元件, 面板業, 面板零組件",,
8086,宏捷科,半導體業,TPEX,"IC製造, 化合物晶圓, 砷化鎵相關",,
8087,麗升能源,綠能環保,TPEX,"太陽能, 太陽能發電, 太陽能系統運用, 電力, 風力發電",,
8088,品安,半導體業,TPEX,"DRAM模組, FLASH模組, 記憶體模組, 電子製造服務, 電子零件元件, 電腦系統業",,
8089,康全電訊,通信網路業,TPEX,"光纖設備, 光通訊, 接取設備, 無線網路設備系統(WLAN), 網通設備",,
8091,翔名,半導體業,TPEX,"半導體製程設備, 設備儀器商",,
8092,建暐,其他電子業,TPEX,"工具機, 設備儀器商, 量測儀器",,
8093,保銳,電子零組件業,TPEX,"散熱模組, 散熱風扇馬達, 電子零件元件, 電源供應器",,
8096,擎亞,電子通路業,TPEX,"IC零組件通路商, 電子元件代理商, 電子通路",,
8097,常珵,通信網路業,TPEX,"無線網路設備系統(WLAN), 網通設備",,
8099,大世科,資訊服務業,TPEX,"INTERNET技術與基礎設施, 系統整合, 軟體業, 雲端科技",,
8101,華冠,通信網路業,TWSE,"平板電腦, 手機, 手機製造, 消費性電子產品, 穿戴式裝置, 電子製造服務, 電腦系統業",,
8102,傑霖科技,半導體業,TPEX,"IC設計, 影音IC",,
8103,瀚荃,電子零組件業,TWSE,"連接器, 連接線材, 電子零件元件",,
8104,錸寶,光電業,TWSE,"OLED, 工業用電池, 電池, 面板業",,
8105,凌巨,光電業,TWSE,"LCM, 面板業",,
8107,大億金茂,電機機械,TPEX,汽機車零組件,,
8109,博大,電子零組件業,TPEX,"電子零件元件, 電源供應器",,
8110,華東,半導體業,TWSE,"IC封裝, IC封裝測試, IC測試",,
8111,立��,光電業,TPEX,"LED, LED封裝, LED照明產品",,
8112,至上,電子通路業,TWSE,"IC零組件通路商, 電子元件代理商, 電子通路",,
8114,振樺電,電腦及週邊設備業,TWSE,"KIOSK自助服務機, POS機系統, 工業電腦",,
8121,越峰,電子零組件業,TPEX,"被動元件, 被動元件上游",,
8131,福懋科,半導體業,TWSE,"DRAM模組, IC封裝, IC封裝測試, IC測試, 電子零件元件",,
8147,正淩,電子零組件業,TPEX,"連接器, 電子零件元件",,
8150,南茂,半導體業,TWSE,"IC封裝, IC封裝測試, IC測試, LCD驅動IC封裝, 封測服務與材料, 金、錫凸塊",,
8155,博智,電子零組件業,TPEX,"印刷電路板, 印刷電路板相關",,
8162,微矽電子-創,半導體業,TWSE,"IC封裝測試, IC測試",,
8163,達方,電腦及週邊設備業,TWSE,"自行車, 車輛整車, 週邊產品, 鍵盤",,
8171,天宇,綠能環保,TPEX,"工業用電池, 消費用電池, 車用鋰電池, 電池",,
8176,智捷,通信網路業,TPEX,"無線網路設備系統(WLAN), 網通設備",,
8182,加高,電子零組件業,TPEX,"振盪器, 石英元件, 被動元件",,
8183,精星,其他電子業,TPEX,"電子製造服務, 電腦系統業",,
8201,無敵,其他電子業,TWSE,"INTERNET技術與基礎設施, 消費性電子產品, 系統整合, 車用電子, 軟體業, 雲端科技",,
8210,勤誠,電腦及週邊設備業,TWSE,"伺服器機殼, 電子零件元件",,
8213,志超,電子零組件業,TWSE,"印刷電路板, 印刷電路板相關",,
8215,明基材,光電業,TWSE,"偏光板, 面板零組件",,
8222,寶一,電機機械,TWSE,"機械零組件, 航天機械零組件, 航天軍工, 飛機零件／製造",,
8227,巨有科技,半導體業,TPEX,"ASIC, IC設計",,
8234,新漢,電腦及週邊設備業,TPEX,工業電腦,,
8240,華宏,光電業,TPEX,"光學膜, 面板零組件",,
8249,菱光,電子零組件業,TWSE,"影像感測元件, 數位相機",,
8255,朋程,電機機械,TPEX,"二極體, 分離式元件, 車用電子",,
8261,富鼎,半導體業,TWSE,"分離式元件, 電晶體",,
8271,宇瞻,半導體業,TWSE,"DRAM模組, FLASH模組, 記憶體模組, 電子零件元件",,
8272,全景軟體,資訊服務業,TPEX,"資訊安全, 軟體業",,
8277,商丞,半導體業,TPEX,"儲存設備, 磁碟陣列控制器, 記憶體模組, 週邊產品, 電子零件元件",,
8279,生展,生技醫療業,TPEX,"生物科技, 食品生技",,
8284,三竹,資訊服務業,TPEX,"應用軟體, 系統整合, 軟體業",,
8289,泰藝,電子零組件業,TPEX,"振盪器, 被動元件",,
8291,尚茂,電子零組件業,TPEX,"印刷電路板相關, 銅箔基板",,
8299,群聯,半導體業,TPEX,"FLASH模組, FLASH記憶體IC, IC設計, PC週邊IC, SSD控制IC, USB IC, 嵌入式晶片, 記憶卡, 記憶卡IC, 週邊產品, 電子零件元件",,
8341,日友,綠能環保,TWSE,"傳產其他, 回收焚化／掩埋清運",,
8342,益張,其他業,TPEX,"傢俱, 傳產其他, 家居用品, 線材盤元, 金屬加工／製品",,
8349,�矬�,鋼鐵工業,TPEX,"線材盤元, 螺絲螺帽",,
8354,冠好,其他業,TPEX,"傳產其他, 化學工業, 文具, 膠帶",,
8358,金居,電子零組件業,TPEX,"印刷電路板相關, 銅箔",,
8367,建新國際,航運業,TWSE,"物流業, 貨櫃場服務, 運輸事業, 陸運",,
8374,羅昇,電機機械,TWSE,"機械零組件, 產業機械, 自動化設備, 變頻器, 電力設備",,
8383,千附,半導體業,TPEX,"其他產業機械, 半導體製程設備, 工程顧問, 廠務工程, 營造工程, 產業機械, 設備儀器商, 電子其他",,
8390,金益鼎,綠能環保,TPEX,"傳產其他, 回收焚化／掩埋清運",,
8401,白紗科,其他業,TPEX,"傳產其他, 印刷業",,
8403,盛弘,生技醫療業,TPEX,"藥品通路, 醫療器材通路, 醫療服務, 醫療管理服務, 醫藥流通",,
8404,百和興業-KY,其他業,TWSE,"傳產其他, 地產, 工業紡織品, 營建, 織布業, 鞋材, 黏扣帶",,
8409,商之器,生技醫療業,TPEX,智慧醫療技術,,
8410,森田,電腦及週邊設備業,TPEX,"機殼表面處理, 電子零件元件",,
8411,福貞-KY,其他業,TWSE,"瓶蓋, 製罐業, 鋁罐, 馬口鐵罐",,
8415,大國鋼,鋼鐵工業,TPEX,"線材盤元, 螺絲螺帽",,
8416,實威,資訊服務業,TPEX,"3D印表機, 軟體業, 軟體通路／代理, 週邊產品",,
8421,旭源,其他業,TPEX,"傳產其他, 印刷業",,
8422,可寧衛*,綠能環保,TWSE,"傳產其他, 回收焚化／掩埋清運",,
8423,保綠-KY,綠能環保,TPEX,"合成橡膠, 橡膠工業",,
8424,惠普,建材營造業,TPEX,"建材, 複合板",,
8426,紅木-KY,其他業,TPEX,"水電消防工程, 營造工程, 設計裝潢",,
8429,金麗-KY,貿易百貨業,TWSE,"傳產其他, 製鞋業",,
8431,匯鑽科,其他電子業,TPEX,"機殼表面處理, 電子零件元件",,
8432,東生華,生技醫療業,TPEX,"學名藥, 新藥研發, 西藥製劑, 醫藥流通, 醫藥產業",,
8433,弘帆,居家生活,TPEX,"流通業, 貿易",,
8435,鉅邁,其他業,TPEX,"其他化工產品, 化學工業",,
8436,大江,生技醫療業,TPEX,"保健食品, 時尚產業, 生物科技, 美妝保養品, 食品加工, 食品生技",,
8437,大地-KY,其他業,TPEX,"教育事業, 服務業",,
8438,昶昕,綠能環保,TWSE,"傳產其他, 半導體化學品, 回收焚化／掩埋清運",,
8440,綠電,綠能環保,TPEX,"傳產其他, 回收焚化／掩埋清運",,
8442,威宏-KY,其他業,TWSE,"傳產其他, 手提箱, 運動產業, 運動用品",,
8443,阿瘦,貿易百貨業,TWSE,"傳產其他, 製鞋業",,
8444,綠河-KY,其他業,TPEX,"建材, 複合板",,
8446,華研,文化創意業,TPEX,"傳播事業, 文化創意產業, 演出經紀",,
8450,霹靂,文化創意業,TPEX,"傳播事業, 影音娛樂, 文化創意產業, 有線電視",,
8454,富邦媒,數位雲端,TWSE,"INTERNET應用與服務, 電商平台",,
8455,大拓-KY,其他電子業,TPEX,"設備儀器商, 變頻器, 電力設備, 電子元件代理商, 電子通路, 電機",,
8462,柏文,運動休閒,TWSE,"休閒娛樂, 連鎖健身房",,
8463,潤泰材,其他業,TWSE,"水泥, 營造工程, 設計裝潢, 高爐水泥",,
8464,億豐,居家生活,TWSE,"家居用品, 窗簾",,
8466,美吉吉-KY,其他業,TWSE,"建材, 複合板",,
8467,波力-KY,運動休閒,TWSE,"傳產其他, 碳纖維, 運動產業, 運動用品",,
8472,夠麻吉,數位雲端,TPEX,"INTERNET應用與服務, 流通業, 電商平台, 食品飲料相關通路",,
8473,山林水,綠能環保,TWSE,"傳產其他, 回收焚化／掩埋清運, 水資源, 污水處理, 海水淡化, 營造工程, 環保工程",,
8476,台境*,綠能環保,TWSE,"營造工程, 環保工程",,
8477,創業家,數位雲端,TPEX,"INTERNET應用與服務, 電商平台",,
8478,東哥遊艇,運動休閒,TWSE,"造船業, 遊艇製造",,
8481,政伸,其他業,TWSE,"傳產其他, 印刷業",,
8482,商億-KY,居家生活,TWSE,"傢俱, 家居用品",,
8487,愛爾達-創,數位雲端,TWSE,"INTERNET應用與服務, 串流媒體",,
8488,吉源-KY,其他業,TWSE,"製罐業, 鋁罐, 馬口鐵罐",,
8489,三貝德,其他業,TPEX,"教育事業, 服務業",,
8499,鼎炫-KY,其他電子業,TWSE,"儀表, 其他電子零件, 產業機械, 電子零件元件",,
8905,裕國,其他業,TPEX,"罐頭業, 肉品加工, 貨櫃場服務, 運輸事業, 食品加工",,
8906,花王,其他業,TPEX,"傳產其他, 印刷業",,
8908,欣雄,油電燃氣業,TPEX,"天然氣, 石油及天然氣",,
8916,光隆,其他業,TPEX,"家居用品, 寢具, 成衣, 成衣製造, 紡紗, 羽絨加工",,
8917,欣泰,油電燃氣業,TPEX,"天然氣, 石油及天然氣",,
8921,沈氏,其他業,TPEX,"傳產其他, 印刷業",,
8923,時報,文化創意業,TPEX,"傳播事業, 出版業",,
8924,大田,運動休閒,TPEX,"球具, 運動產業, 高爾夫球桿頭",,
8926,台汽電,油電燃氣業,TWSE,"汽電共生, 電力",,
8927,北基,油電燃氣業,TPEX,"其他公用事業, 加油站, 地產, 營建",,
8928,鉅明,運動休閒,TPEX,"運動產業, 高爾夫球桿頭",,
8929,富堡,其他業,TPEX,"不織布, 家庭用紙, 工業紡織品, 造紙業",,
8930,青鋼,鋼鐵工業,TPEX,"建材, 輕鋼架",,
8931,大汽電,油電燃氣業,TPEX,"汽電共生, 電力",,
8932,智通*,其他業,TPEX,"傳產其他, 拉鍊",,
8933,愛地雅,運動休閒,TPEX,"自行車, 車輛整車",,
8935,邦泰,其他業,TPEX,"傳產其他, 複合材料, 鞋材",,
8936,國統,其他業,TPEX,"水利, 水泥, 水泥製品, 水資源",,
8937,合騏,其他業,TPEX,"機車, 機車零組件, 汽機車零組件, 沙灘車, 車輛整車",,
8938,明安,運動休閒,TPEX,"傳產其他, 球具, 複合材料, 運動產業, 高爾夫球桿頭",,
8940,新天地,觀光餐旅,TWSE,"婚宴顧問, 旅宿／餐飲, 服務業, 餐飲",,
8941,關中,居家生活,TPEX,"傳產其他, 烤肉架",,
8942,森鉅,其他業,TPEX,"建材, 複合板",,
8996,高力,電機機械,TWSE,"傳產其他, 金屬加工／製品",,
9802,鈺齊-KY,運動休閒,TWSE,"傳產其他, 鞋材",,
9902,台火,其他業,TWSE,"汽車服務相關, 流通業, 特種車輛相關, 貿易, 資產股, 車輛整車",,
9904,寶成,運動休閒,TWSE,"傳產其他, 控股公司, 製鞋業, 運動產業, 運動用品, 鞋材",,
9905,大華,其他業,TWSE,"瓶蓋, 製罐業, 鋁罐",,
9906,欣巴巴,建材營造業,TWSE,"地產, 營建",,
9907,統一實,其他業,TWSE,"冷軋鋼捲, 化纖原料, 寶特瓶, 板鋼, 製罐業, 馬口鐵罐",,
9908,大台北,油電燃氣業,TWSE,"天然氣, 石油及天然氣",,
9910,豐泰,運動休閒,TWSE,"傳產其他, 製鞋業, 運動產業, 運動鞋, 鞋材",,
9911,櫻花,居家生活,TWSE,"家居用品, 廚具, 廚衛電",,
9912,偉聯,電腦及週邊設備業,TWSE,"LCD顯示器, 顯示器",,
9914,美利達,運動休閒,TWSE,"產業機械, 自行車, 自行車零件, 車輛整車",,
9917,中保科,其他業,TWSE,"保全業, 安全監控, 工業電腦, 服務業",,
9918,欣天然,油電燃氣業,TWSE,"天然氣, 石油及天然氣",,
9919,康那香,其他業,TWSE,"不織布, 家庭用紙, 工業紡織品, 造紙業",,
9921,巨大,運動休閒,TWSE,"產業機械, 自行車, 自行車零件, 車輛整車",,
9924,福興,居家生活,TWSE,"家居用品, 鎖",,
9925,新保,其他業,TWSE,"保全業, 安全監控, 工業電腦, 服務業",,
9926,新海,油電燃氣業,TWSE,"天然氣, 石油及天然氣",,
9927,泰銘,其他業,TWSE,"鉛, 非鐵金屬",,
9928,中視,其他業,TWSE,"傳播事業, 無線電視",,
9929,秋雨,其他業,TWSE,"傳播事業, 傳產其他, 印刷業, 廣告",,
9930,中聯資源,綠能環保,TWSE,"傳產其他, 回收焚化／掩埋清運, 水泥, 高爐水泥",,
9931,欣高,油電燃氣業,TWSE,"天然氣, 石油及天然氣",,
9933,中鼎,其他業,TWSE,"工程顧問, 營造工程",,
9934,成霖,居家生活,TWSE,"家居用品, 水龍頭, 衛浴設備",,
9935,慶豐富,居家生活,TWSE,"家居用品, 窗簾",,
9937,全國,油電燃氣業,TWSE,"其他公用事業, 加油站",,
9938,百和,其他業,TWSE,"傳產其他, 工業紡織品, 織布業, 鞋材, 黏扣帶",,
9939,宏全,其他業,TWSE,"化纖原料, 寶特瓶, 瓶蓋, 製罐業",,
9940,信義,其他業,TWSE,"地產, 房屋仲介",,
9941,裕融,其他業,TWSE,"汽車服務相關, 汽車融資",,
9942,茂順,其他業,TWSE,"橡膠工業, 橡膠製品, 油封",,
9943,好樂迪,觀光餐旅,TWSE,"KTV, 休閒娛樂",,
9944,新麗,其他業,TWSE,"不織布, 工業紡織品",,
9945,潤泰新,其他業,TWSE,"地產, 水泥, 營建",,
9946,三發地產,建材營造業,TWSE,"地產, 營建",,
9949,琉園,文化創意業,TPEX,"傳產其他, 工藝品",,
9950,萬國通,塑膠工業,TPEX,"傳產其他, 手提箱",,
9951,皇田,電機機械,TPEX,汽車內裝,,
9955,佳龍,綠能環保,TWSE,"傳產其他, 回收焚化／掩埋清運",,
9958,世紀鋼,鋼鐵工業,TWSE,"條鋼, 鋼構",,
9960,邁達康,運動休閒,TPEX,"INTERNET應用與服務, 健身器材, 球具, 運動產業, 電商平台",,
9962,有益,鋼鐵工業,TPEX,不鏽鋼,,
